zotero_key,date,year,title,abstract,doi,item_type,publication_status,inclusion_status,application_family,model_group,evidence_tier,evidence_role,pathway,validation_scope,reference_directness,evidence_direction
V35QPP4D,2026-05-14,2026,AlphaEarth Foundations (AEF) in Earth Observation: A Systematic Review of Applications and Practices,"AlphaEarth Foundations (AEF) unifies multi-modal and multi-temporal observations into analysis-ready low-dimensional representations, introducing a representation-driven paradigm that addresses key limitations of traditional task-centric approaches, including high engineering complexity, limited cross-regional transferability, and strong dependence on labeled data. This paper presents the first systematic review of AEF, synthesizing 23 research articles published up to March 2026 from three perspectives: conceptual positioning, technical framework, and application practices. It first clarifies the distinctions between AEF and related paradigms, including foundation models, remote sensing large models, and existing unified embedding approaches. It then summarizes the organization of its data system and key technical components. Based on a systematic literature survey, the paper further provides a structured synthesis of current studies in terms of thematic and regional distribution, scientific questions, usage patterns, and evaluation methods. The analysis indicates that AEF represents an important step toward a paradigm shift from task-driven to representation-driven Earth observation, offering clear advantages in reducing engineering barriers, enabling cross-regional transfer, and establishing a unified environmental semantic foundation. However, limitations remain in temporal resolution, semantic interpretability, and performance in specific task scenarios. Future work should focus on enhancing dynamic representation capabilities, cross-domain adaptation mechanisms, multi-source integration frameworks, systematic evaluation and annotation systems, and asset-oriented applications. By delineating the capability boundaries and applicable contexts of AEF from both methodological and empirical perspectives, this study provides a systematic reference for the standardized development and rational application of unified surface embeddings as an emerging geospatial information infrastructure.",10.20944/preprints202605.0981.v1,preprint,Preprint,Review/context only,Review/context,AlphaEarth,,,,,,
QHK79B6G,2025-01-01,2025,Fine-Tuning the Prithvi Foundation Model for Crop-Type and Health Mapping in Smallholder Farms,"Artificial intelligence is rapidly reshaping how we monitor and manage agriculture from space. In this study, we fine-tune and evaluate a state-of-the-art vision foundation model, Prithvi-EO-2.0, for crop type classification and crop health monitoring across smallholder farms in Telangana, India. Leveraging temporally stacked satellite imagery, we assess the effectiveness of different fine-tuning strategies and address challenges related to fragmented landholdings and limited ground truth data. Our results demonstrate that fully fine-tuning the model significantly improves crop classification accuracy but requires careful handling of class imbalance to prevent overfitting. We discuss limitations arising from spatial resolution constraints and propose future directions using higher-resolution alternatives, emphasizing the potential of adapting large-scale pretrained models to deliver scalable and practical precision agriculture solutions in data-limited, heterogeneous smallholder systems.",10.1016/j.procs.2025.09.632,journalArticle,Peer reviewed,Primary evidence,Agriculture & food systems,Prithvi,Tier 3,Model paper with applications,Fine-tuning / PEFT,Within-domain / unclear,Product / mapped label,Mixed / conditional
7QDQAZFU,2026-08-01,2026,Above-ground Biomass Estimation with Geospatial Foundation Models,"Accurate estimation of Above-Ground Biomass (AGB) from satellite imagery is essential for the large-scale monitoring of carbon stocks, yet it remains a challenging regression task at global scale. Geospatial Foundation Models (GFMs) have recently emerged as a promising machine learning paradigm to derive general-purpose representations from Earth observation data, but their utility for quantitative regression tasks like biomass estimation remains largely unexplored, as most benchmarks emphasize classification and segmentation. Here, we present a comprehensive benchmark of GFMs for global-scale AGB estimation using the AGBD dataset, a machine learning-ready benchmark spanning diverse biomes and geographies. We distinguish two ways in which GFMs reach practitioners: (i) models distributed as weights to be run by the user, which we evaluate as frozen encoders within the PANGAEA benchmarking framework; and (ii) models distributed as ready-to-use, pre-computed embedding products, for which we evaluate AlphaEarth Foundations (AEF) and TESSERA. We compare $11$ GFMs available on PANGAEA and both embedding products against a fully supervised state-of-the-art (SOTA) model, assess their geographical and temporal generalization abilities, as well as agreement with the ESA CCI biomass product on independent reference data. Our results show that GFMs run as frozen encoders substantially underperform with respect to the supervised SOTA model, whereas pre-computed embedding products prove highly effective. An MLP trained on AEF embeddings outperforms the supervised SOTA model trained on AGBD features, and the same SOTA model trained on AEF embeddings (optionally augmented with selected raw features) achieves the best overall result, while also generalizing better across space and time. These findings indicate that frozen GFM features can be highly informative for biomass regression when the underlying model is trained on rich multi-modal data and its outputs are distributed as an accessible embedding layer.",10.2139/ssrn.7213886,preprint,Preprint,Primary evidence,"Vegetation, carbon & fuels",Multi-model,Tier 2,Benchmark,Feature extraction,Geographic + temporal,Product / mapped label,Mixed / conditional
NHLEGII5,2026-04-15,2026,Integration of Google’s Alpha Earth Foundations into biomass estimation combined with GEDI spaceborne lidar and field inventory data,"The temporal harmonization of Earth Observation datasets into numerical embeddings at the global scale and at high resolution over time is ground-breaking. Using Google’s Alpha Earth Foundations (AEF) product over Spain we estimate and predict biomass comparing the performance of two reference datasets: estimates from GEDI at the footprint level and enhanced-geolocated field inventory plots. These measurements, biomass estimates from GEDI and AEF reference year matched in time for out study area - the largest region in Spain. Biomass estimates for AEF showed moderate-low errors (mean % RMSE in calibrations = 0.31) when using inventory plots although. For the GEDI-based calibration strategy, errors were larger (0.38) but for some sub-jurisdictions the performance was nearly identical. We found a ∼20 % error increase in the interval validation in both cases. The embeddings that most contributed to explain biomass were common in the two alternatives, showing consistency across the experiment and reference results for upcoming studies. Our biomass predictions were further validated using independent estimates from canopy height information – airborne lidar and imputed waveforms. Calibrating AEF with inventory plots matched the accuracy of biomass predicted from on-orbit GEDI biomass models and precise lidar-simulated canopy structure used as predictor. Our results showed that AEF trained with field plots can be a promising solution to maximize NFI datasets for large-scale biomass mapping at yearly periodicities. Where biases in GEDI biomass models are low - or where field plot data is not available - biomass estimates from GEDI are can train AEF with sufficiency and over time - increasing the limited temporal range that NFI measurements offer – expanding the ability of GEDI data users to generate carbon biomass to support forest management and conservation among other many GEDI data applications.",10.1016/j.foreco.2026.123550,journalArticle,Peer reviewed,Primary evidence,"Vegetation, carbon & fuels",AlphaEarth,Tier 2,Application study,Fusion / similarity,Geographic,Mixed,Positive
THXSIXUW,2026-04-08,2026,Transformer-based mapping of 10 m spatiotemporally seamless daily urban evapotranspiration using geospatial foundation embeddings,"Urban evapotranspiration (ET) plays a critical role in regulating urban heat and governing water–energy exchanges. However, high-resolution ET estimation across entire cities remains challenging due to pronounced surface heterogeneity, which limits the applicability of physical models originally developed for homogeneous natural surfaces. Moreover, satellite-derived ET estimates are often spatially and temporally fragmented due to their dependence on clear-sky conditions and long revisit intervals. To address these limitations, we propose a transformer-based framework for generating spatiotemporally seamless, daily urban ET maps at 10 m resolution. The framework integrates 10 m vegetation greenness from Sentinel-2 NDVI, Google satellite embedding data, and gap-free daily meteorological variables (precipitation, air temperature, and radiation etc.). A key advantage of the proposed method is its use of a group-to-token transformer encoder, which learns nonlinear interactions among atmospheric demand, surface structure, and vegetation dynamics without requiring explicit urban parameterization. The model is trained on time-series observations from 64 globally distributed FluxNet towers and an urban flux site in Shenzhen, where the flux data are gap-free and suitable for continuous daily modeling. The trained model performs well, with an overall R² of 0.92 and RMSE of 0.37 mm d⁻¹. Comparative analyses further indicate that the proposed framework reduces RMSE by approximately 16% and improves spatial discrimination in heterogeneous urban settings. The trained model was applied to Shenzhen, China, generating a spatiotemporally seamless daily urban ET dataset at 10 m resolution for 2017–2024. Validation confirms the reliability of the approach for urban ET mapping, with a mean R² of 0.56 and RMSE of 0.45 mm d⁻¹. Overall, this study establishes a practical pathway for producing cloud-gap-free, 10 m daily urban ET estimates by integrating routinely available reanalysis data with satellite-derived geospatial embeddings. The framework robustly captures intra-urban heterogeneity, supports seasonal to interannual analyses and pixel-wise trend detection, and enables scalable applications in urban hydroclimate research and planning.",10.2139/ssrn.6539464,preprint,Preprint,Primary evidence,"Water, energy & climate states",AlphaEarth,Tier 2,Application study,Fusion / similarity,Temporal,Mixed,Positive
G9LASAGD,2026,2026,Foundation-Scale Satellite Embeddings Reframe Hydrological Generalization as a Representation Problem,"A persistent challenge in hydrological modeling is reliably transferring predictive skill across time and among basins that appear distinct based on conventional static attributes. Here we address this challenge by leveraging Google's newly released data set generated from the AlphaEarth Foundations model, providing 64-dimensional satellite embeddings (SE) that encode dynamic surface characteristics. Evaluated over 455 Australian catchments (2017–2022), SE-enhanced models consistently outperform static-attribute baselines. Temporal gains are most pronounced in regions under intense human disturbance, where median relative error reduction (RER) reaches 11.5%, reflecting reduced mismatch between static representations and evolving land-surface states. Overcoming the fragmentation caused by discrete static attributes, SE reshapes the feature space into a continuous, globally connected representation, yielding a median RER of 32.1% for the most isolated basins. These results indicate that foundation-scale embeddings fundamentally shift hydrological generalization from parameter transfer toward representation learning, offering a new pathway for robust prediction under nonstationary conditions.",10.1029/2025GL121604,journalArticle,Peer reviewed,Primary evidence,Hydrological modelling,AlphaEarth,Tier 2,Application study,Fusion / similarity,Geographic + temporal,Direct / in situ,Positive
E8MMUGSV,2025-12-01,2025,"Dimensionality optimized machine learning retrieval of canopy chlorophyll, nitrogen, and phosphorus from google satellite embeddings","Long-term studies show that canopy chlorophyll, nitrogen, and phosphorus differ in spectral signatures and retrieval stability. This work assessed the retrieval of these biochemical parameters from a global 64-dimensional Google satellite embedding at 10 m resolution over maize parcels at the Kellogg Biological Station in Michigan, USA. Strategies were employed to compress the embedding into compact, information-rich subsets. Eleven machine learning regressors were applied across four workflows, each implementing distinct approaches to control dimensionality and enhance interpretability under a unified cross-validation framework. Results showed that Consensus Importance-Ranked Band Selection (CIRBS) achieved the highest accuracy for canopy chlorophyll (CCC) and nitrogen (CNC), while Variance-Ordered Principal Component Subset Selection (VOPSS) performed best for canopy phosphorus (CPC). Baseline workflows using full-band or fixed PCA representations exhibited lower performance. Accuracy saturated rapidly in both workflows: 17–33 bands for CIRBS and 5–14 principal components for VOPSS captured nearly all predictive information. A compact set of embedding channels (A57, A51, A00, A15, A48, A61) ranked highest across models and targets, indicating that key pigment, structural, and phenological contrasts were preserved in the learned 64-feature space. Regularized linear models (Ridge and ElasticNet) consistently outperformed ensemble and kernel methods. The embedding pre-compressed key vegetation contrasts into an analysis-ready vector, enabling compact models (R² = 0.83 – 0.93, NRMSE = 0.08 – 0.11) that supported efficient tiled inference and treatment-level differentiation. This framework provides accurate, interpretable, and scalable solutions for field-scale biochemical mapping and precision agriculture decision-making.",10.1016/j.atech.2025.101601,journalArticle,Peer reviewed,Primary evidence,"Vegetation, carbon & fuels",AlphaEarth,Tier 2,Application study,Retrieval,Within-domain / unclear,Mixed,Positive
EWRF3XDG,2026-7-6,2026,Distilling Geospatial Foundation Model semantics into interpretable Sentinel-1/2 proxies for few-shot and cross-year crop type classification,"Geospatial Foundation Models (GFMs) show strong generalization across Earth observation tasks, but their direct use in agricultural monitoring can be constrained when foundation-model embedding products are not available for a given year or observation window. We propose a physically grounded semantic distillation framework that transfers GFM semantics to standard satellite features. We hypothesize that selected GFM embedding dimensions can be approximated from interpretable physical proxies. Using Lasso regression, we reconstruct selected AlphaEarth Foundations (AEF) embedding dimensions from a sparse set of Sentinel-1/2 temporal features and identify the most influential proxy variables. On maize–soybean mapping in the U.S. Corn Belt, the distilled features closely approximate AEF’s discriminative performance while achieving high reconstruction fidelity. In cross-year transfer without target-year supervision, the distilled features consistently outperform the multi-modal satellite baseline across labeled-sample budgets; under the lowest sample budget, the proposed method achieves an overall accuracy of 93.33%, compared with 83.90% for the multi-modal satellite baseline. These results indicate that lightweight and interpretable proxy models can retain a substantial portion of the cross-year generalization advantage of foundation-model representations, providing a practical alternative for few-shot classification and cross-year monitoring.",10.1080/20964471.2026.2691477,journalArticle,Peer reviewed,Primary evidence,Agriculture & food systems,AlphaEarth,Tier 3,Application study,Probe / reconstruction,Temporal,Product / mapped label,Positive
E4T55VP8,2026-7-27,2026,A multimodal geospatial foundation model anticipates crop stress and yield failure across climates and species,"Introduction Climate extremes increasingly threaten agricultural production, yet many artificial intelligence systems in agriculture remain local, reactive and narrowly trained for one crop, region or sensing modality. Methods We present AgriFM, a multimodal geospatial foundation model that combines satellite image time series, radar, thermal observations, weather trajectories, soil properties, topography and sparse management variables to estimate crop-stress and yield-failure risk across crops and regions. AgriFM was pretrained using self-supervised objectives on 2.4 million field-season sequences and evaluated on a curated benchmark spanning maize, wheat, soybean, rice and sorghum across five agroclimatic regions. Results In held-out geography and time-split evaluations, AgriFM improved early stress detection and yield-failure prediction over statistical, crop-model and deep-learning baselines. The largest gains occurred during compound drought and heat events, for which AgriFM produced alerts 18 to 24 days earlier than the satellite-only baseline while maintaining improved calibration. Phenology-conditioned fusion improved transfer across planting calendars, and uncertainty calibration reduced false alerts at fixed recall. Discussion Because the study is based on retrospective datasets, these findings establish cross-region retrospective performance rather than prospective field efficacy. The results support further field-based evaluation of multimodal foundation models for climate-resilient crop monitoring.",10.3389/fpls.2026.1883297,journalArticle,Peer reviewed,Primary evidence,Agriculture & food systems,Other EOFM,Tier 3,Benchmark,Fine-tuning / PEFT,Geographic + temporal,Mixed,Positive
JTASTTKF,2026,2026,Zero-Shot Satellite Image Retrieval through Joint Embeddings: Application to Crisis Response,"Semantic search of Earth observation archives remains challenging. Visual foundation models such as CLAY produce rich embeddings of satellite imagery but lack the natural-language grounding needed for intuitive query, and full contrastive training of a remote-sensing CLIP-style model requires paired data and compute that are unavailable at global scale. To allow natural language querying at global scales, we present GeoQuery, a zero-shot retrieval system that sidesteps data and compute constraints through a two-stage semantic and visual search, leveraging a natural language embedding of a subset (proxy) of global data. Rather than training a joint encoder, we generate language descriptions for a 100k proxy subset of global Sentinel-2 tiles and optimise the description-generation prompt so that distances in the resulting text-embedding space correlate with distances in the frozen CLAY visual-embedding space. Queries are resolved in two stages, with a text-similarity search over the proxy subset followed by a visual nearest-neighbour search over worldwide CLAY embeddings On 76 disaster-location queries covering UK floods, US wildfires, and US droughts, GeoQuery achieves 31.6\% accuracy within 50\,km, with the strongest performance on floods (50\% within 50\,km) where terrain features are well captured by RGB embeddings. Deployed within a crisis response system called \ECHO{}, GeoQuery identified vulnerable areas during Brisbane's 2025 Cyclone Alfred, with downstream flood simulations reproducing historical patterns. Prompt-aligned proxies offer a practical bridge between EO foundation models and operational retrieval when full contrastive training is out of reach.",10.48550/arxiv.2605.05405,preprint,Preprint,Primary evidence,Disturbance & hazards,Clay,Tier 3,Application study,Retrieval,Geographic,Product / mapped label,Mixed / conditional
65MAK4J9,2026,2026,Clay-CNN Hybrids: Leveraging Geospatial Foundation Models as Auxiliary Context for Landslide Detection,"Rapid post-event landslide mapping is essential for disaster response but remains difficult to automate due to extreme class imbalance. This study evaluates whether Clay v1.5, a Geospatial Foundation Model (GFM), can improve pixel-level landslide segmentation on the Landslide4Sense (L4S) benchmark, which contains 3,799 training chips with 14 Sentinel-2 and terrain bands and approximately 2% positive pixels. We compare three strategies: Clay as the primary encoder with multi-scale residual terrain fusion, a U-Net backbone augmented with Clay semantic context at the bottleneck, and a standard U-Net baseline. The hybrid U-Net + Clay model with two-stage Low-Rank Adaptation (LoRA) achieved the best test F1 of 64.5 +/- 1.8% over three seeds, surpassing the Clay-only backbone (55.2 +/- 3.6%) and the U-Net baseline (59.9%). Clay as a standalone encoder underperformed the U-Net due to the absence of multi-scale skip connections, but its pretrained representations consistently improved performance when injected as auxiliary context. These findings suggest that GFMs are most effective for landslide detection when they complement spatially detailed convolutional architectures rather than replace them.",10.48550/arxiv.2606.14081,preprint,Preprint,Primary evidence,Disturbance & hazards,Clay,Tier 3,Benchmark,Fine-tuning / PEFT,Benchmark holdout,Product / mapped label,Positive
TQAXWFHC,2026-3-14,2026,Detection of wildfire burn scars in the UK using geospatial foundation models,"Wildfires are posing ecological and social challenges in the United Kingdom [1]. Therefore, it is important to better understand this phenomenon and locate the wildfires to identify their contributing factors. However, the analysis of UK wildfires is mainly based on the European Forest Fire Information System (EFFIS) [2], which uses MODIS and VIIRS imagery [1]. Due to the moderate pixel resolution of these satellites, only fires greater than 30 hectares are reliably recorded. This is a limitation for the study of UK wildfires as 99% are smaller than 30 hectares [1]. Thanks to higher resolution sensors such as Sentinel-2 MSI and Landsat 8 OLI, it has now become possible to map smaller wildfires [3]. However, we have found no evidence that these sensors were used to locate smalla wildfires in the UK. Recently, geospatial foundation models have made significant improvements in the processing of satellite imagery. More specifically, Prithvi-EO-2.0 [4] and TerraMind [5] have outperformed typical machine learning models in many applications. With this work, we studied how the Prithvi-EO-2.0 and TerraMind geospatial foundation models generalized and performed for the detection of wildfires in the UK. First, we created a dataset made of Harmonized Landsat and Sentinel images matched to UK EFFIS wildfire polygons (1409 large wildfire polygons covering the UK), as well as wildfire polygons from the UK Dorset region (typically smaller wildfire polygons obtained from 1147 wildfire intervention records of the Dorset Fire Intervention service). Then, we compared the performance of Prithvi-EO-2.0 and TerraMind over this dataset, using different fine-tuning configurations to analyze their performance and generalization capabilities. These models were also compared with typical ML and rule-based wildfire detection methods in order to confirm the relevance of our models. We demonstrated that the use of geospatial foundation models, once fine-tuned over UK wildfire data, allowed us to increase the detection of the wildfire from 0.58 MIoU (rule-based baseline models) and 0.73 MIoU (ML based baseline models) to 0.78 (Prithvi-EO-2.0) and 0.81 (TerraMind) MIoU. We have found that this increase in performance is especially important for the detection of smaller wildfires relevant to our study. This work thus provides a novel approach to detect smaller wildfires in the UK and the rest of the world using geospatial foundation models, but also highlights the necessity to train the geospatial foundation models with diverse data to improve its generalizability. [1] Belcher, C. M et al.: UK wildfires and their climate challenges. Expert Led report prepared for the third climate change risk assessment (2021). [2] San-Miguel-Ayanz, J. et al.: Towards a coherent forest fire information system in Europe: the European Forest Fire Information System (EFFIS) (2002). [3] Filipponi, F.: Exploitation of sentinel-2 time series to map burned areas at the national level: A case study on the 2017 italy wildfires. Remote Sensing, 11(6), 622 (2019). [4] Jakubik, J. et al.: Foundation Models for Generalist Geospatial Artificial Intelligence. Preprint Available on arxiv:2310.18660 (2023). [5] Jakubik, J. et al.: TerraMind: Large-Scale Generative Multimodality for Earth Observation. IEEE/CVF International Conference on Computer Vision (ICCV) (2025).",10.5194/egusphere-egu26-14183,conferencePaper,Conference,Primary evidence,Disturbance & hazards,Multi-model,Tier 3,Application study,Mixed / benchmark,Geographic,Product / mapped label,Positive
J3HIR88M,2026-5-16,2026,"CryoSentinel: A Multimodal Foundation-Model Segmenter for Glacial Lakes in High Mountain Asia from Sentinel-1 SAR, Sentinel-2 Optical, and Copernicus DEM Imagery","Glacial-lake outburst floods (GLOFs) are the dominant climate-driven hazard in High Mountain Asia, and reliable lake-extent segmentation is the prerequisite for every downstream early-warning workflow. We present CryoSentinel, a multimodal foundation-model semantic segmenter built on the IBM/ESA TerraMind 1.0 Large encoder (1.1 B parameters) with a UperNet decoder, fine-tuned on 5,614 co-registered chips spanning the Tien Shan, Zhetysu Alatau, and Ile Alatau ranges of Central Asia. The model jointly ingests Sentinel-1 GRD SAR (VV, VH), Sentinel-2 L2A optical (12 bands), and Copernicus DEM 30 m elevation at 10 m / pixel and is trained under a 17-km-buffered spatial-block-split protocol that rules out lake-level leakage. On the validation split it attains an IoU of 0.9557 at threshold 0.5 with flip-only test-time augmentation, a +4.27 percentage-point improvement over the most directly comparable prior result (Adhikari and Regmi, 2025; arXiv:2512.24117; Sentinel-1-only, IoU 0.9130). On a held-out spatial test split it reports IoU 0.8918; an independent MNDWI cross-check reveals that 7 of the 665 test chips are Kumar-polygon mislabels rather than model failures, and dropping these raises the label-corrected test IoU to 0.9082. We document the eleven configuration corrections that lifted our finetune from 0.825 to 0.9557 IoU, the spatial-block-split protocol, and the label-noise audit procedure in full so the result is reproducible end-to-end. Code (Apache 2.0), pretrained weights, and the 42,237-chip dataset (ODC-By 1.0) are publicly released and assigned permanent DOIs.",10.31223/x5n47b,preprint,Preprint,Primary evidence,"Ecosystems, land cover & cryosphere",TerraMind,Tier 3,Application study,Fine-tuning / PEFT,Within-domain / unclear,Product / mapped label,Positive
VHTJ7TX2,2025,2025,HyBiomass: Global Hyperspectral Imagery Benchmark Dataset for Evaluating Geospatial Foundation Models in Forest Aboveground Biomass Estimation,"Comprehensive evaluation of geospatial foundation models (Geo-FMs) requires benchmarking across diverse tasks, sensors, and geographic regions. However, most existing benchmark datasets are limited to segmentation or classification tasks, and focus on specific geographic areas. To address this gap, we introduce a globally distributed dataset for forest aboveground biomass (AGB) estimation, a pixel-wise regression task. This benchmark dataset combines co-located hyperspectral imagery (HSI) from the Environmental Mapping and Analysis Program (EnMAP) satellite and predictions of AGB density estimates derived from the Global Ecosystem Dynamics Investigation lidars, covering seven continental regions. Our experimental results on this dataset demonstrate that the evaluated Geo-FMs can match or, in some cases, surpass the performance of a baseline U-Net, especially when fine-tuning the encoder. We also find that the performance difference between the U-Net and Geo-FMs depends on the dataset size for each region and highlight the importance of the token patch size in the Vision Transformer backbone for accurate predictions in pixel-wise regression tasks. By releasing this globally distributed hyperspectral benchmark dataset, we aim to facilitate the development and evaluation of Geo-FMs for HSI applications. Leveraging this dataset additionally enables research into geographic bias and generalization capacity of Geo-FMs.",10.1109/lgrs.2025.3610178,journalArticle,Peer reviewed,Primary evidence,"Vegetation, carbon & fuels",Other EOFM,Tier 2,Benchmark,Fine-tuning / PEFT,Geographic,Product / mapped label,Positive
2SHRPHMR,2026,2026,Predicting Viticulture Potential through an Ensemble of U-Net and a Geospatial Foundation Model,"Determining agricultural potential is fundamental to sustainable land management and agricultural planning. Remote sensing data is increasingly valuable as an avenue for agricultural potential due to the cost of traditional methods (surveys, in-situ measurements, soil testing, etc). ImageCLEF AI4Agri 2026: Subtask 1 is concerned with the prediction of viticulture potential in Southern France. The DS@GT ARC's submission for Subtask 1 introduces an ensemble of U-Net and a Geospatial Foundation Model (Prithvi-2.0). Our best model achieved a $\pm$1 accuracy of 68.32 on the leaderboard, ranking 2nd among 7 teams. The implementation for this work is publicly available at https://github.com/dsgt-arc/imageclef-ai4agri-2026 . To be published in CLEF 2026 Working Notes",10.48550/arxiv.2607.08449,preprint,Preprint,Primary evidence,Agriculture & food systems,Prithvi,Tier 3,Application study,Fine-tuning / PEFT,Benchmark holdout,Unclear,Positive
E6SCDNKB,2026-7-21,2026,Reliability Analysis of Agricultural Foundation Models Under Distribution Shift,"Recent geospatial foundation models (GFMs) have shown strong performance for crop yield prediction across regions and spatial scales, but operational deployment requires reliable performance under distribution drift. In agricultural settings, distribution drift may arise through temporal, label, concept, domain, or representation shifts, each of which can alter the relationship between incoming data and model behavior. This paper extends the previously published Fine-Tuning Agricultural Regression Models (FARM) framework, which adapts the Prithvi-EO-2.0-600M Vision Transformer for dense canola yield estimation over the Canadian Prairies, by introducing a systematic drift monitoring and reliability analysis pipeline. The proposed framework measures Mahalanobis, cosine, and Euclidean distances in both input and latent spaces. These distances characterize distributional shifts and allow us to evaluate their relationship with prediction error. Experiments on county-level and 30 m precision-agriculture datasets, spanning a normal growing season (2022) and a drift growing season (2021), show that both input-space and latent-space distances provide a useful signal of drift with latent-space metrics offering the clearest separation of anomalous conditions. At the same time, the results show that large drift scores do not necessarily correspond to large prediction errors. Some out-of-distribution samples are predicted accurately, while some in-distribution samples incur high error. These findings identify a critical gap between drift detection and uncertainty estimation and demonstrate that distributional distance alone is insufficient for operational reliability assessment. The results therefore motivate reliability-aware monitoring strategies for agricultural foundation models that combine drift detection with explicit uncertainty or error estimation in non-stationary environments.",10.3390/rs18142416,journalArticle,Peer reviewed,Primary evidence,Agriculture & food systems,Prithvi,Tier 3,Application study,Fine-tuning / PEFT,Temporal,Direct / in situ,Mixed / conditional
DIC9AC4J,2026-4-11,2026,Optimizing Fine-Tuning of Earth Foundation Models via Multidimensional Latin Hypercube Sampling for Small-Scale Burn Scar Identification,"Identifying small-scale burn scars is critical for global carbon accounting, yet remains computationally challenging due to spectral complexity and ground truth scarcity in heterogeneous landscapes. Conventional deep learning models often fail to generalize in such environments, lacking both domain-specific priors and representative training distributions required for precise segmentation. Here, we show that optimizing the fine-tuning of the Prithvi Earth Foundation Model (EFM) via Multidimensional Latin Hypercube Sampling (LHS) establishes a robust framework for this task. Our comparative analysis reveals that the domain-adapted Prithvi model achieves a Mean Intersection over Union (mIoU) of 0.91, outperforming standard Vision Transformers (ViT) by 31.9% and significantly surpassing reconstruction-based architectures, such as Scale-MAE. We demonstrate that LHS is superior to Simple Random Sampling (SRS) for optimizing foundation models, as it ensures statistical fidelity with a Kolmogorov–Smirnov (KS) statistic below 0.1 and effectively captures the tail distributions of fire weather indices. Furthermore, our framework exhibited exceptional data efficiency, retaining 94.5% of its peak accuracy with only 100 training samples. These findings provide a scalable solution for monitoring small-scale disasters in data-constrained regions and validate the synergy between rigorous sampling strategies and EFMs.",10.3390/fire9040161,journalArticle,Peer reviewed,Primary evidence,Disturbance & hazards,Prithvi,Tier 3,Application study,Fine-tuning / PEFT,Within-domain / unclear,Unclear,Positive
DQX33TX8,2026,2026,Flood Mapping from RGB imagery using a Vision Foundation Model,"Timely, high-resolution maps of flood extent around settlements are essential for emergency response and damage assessment. We consider airborne RGB imagery for flood mapping as it can be collected rapidly at low cost. To produce flood maps, deep learning models for water segmentation are often used. CNN based and small vision transformer models are used. However, they need much data for adaptation to a change of scenery, i.e., another flooding event. Vision foundation models or large vision transformers are known to generalize across domains. Recently, foundation models for Earth observation became available. They are pretrained on satellite data, whose spatial resolution, viewing geometry, and radiometry differ from nadir RGB imagery. Thus, adaptation is required. We investigate how a satellite-pretrained Earth observation foundation model can be adapted to centimeter-scale floodwater mapping from RGB imagery. Specifically, we fine-tune a model we call Prithvi-2.0-UPN consisting of the Prithvi-EO-2.0-600M Vision Transformer combined with a UPerNet decoder for binary water segmentation on two RGB datasets (BlessemFlood21, NeuenahrFlood). In a first experiment we observe that Prithvi-2.0-UPN reaches state-of-the-art results on BlessemFlood21 and NeuenahrFlood, when trained on their datasets. In a second experiment we show that Prithvi-2.0-UPN performs better than state-of-the-art baseline models for transfer to a new flood event (trained on BlessemFlood21, tested on NeuenahrFlood) in a zero-shot setting. However, the performance indicates room for improvement. In this respect, we investigate in a third experiment how performance improves when further fine-tuning the models with small shares of NeuenahrFlood training data: Prithvi-2.0-UPN improves the fastest and reaches almost the performance level when fully trained on NeuenahrFlood, indicating transfer capabilities.",10.48550/arxiv.2606.24120,preprint,Preprint,Primary evidence,Disturbance & hazards,Prithvi,Tier 3,Application study,Fine-tuning / PEFT,Geographic,Product / mapped label,Positive
CQV7BSK4,2024,2024,A Geospatial Approach to Predicting Desert Locust Breeding Grounds in Africa,"Desert locust swarms present a major threat to agriculture and food security. Addressing this challenge, our study develops an operationally-ready model for predicting locust breeding grounds, which has the potential to enhance early warning systems and targeted control measures. We curated a dataset from the United Nations Food and Agriculture Organization's (UN-FAO) locust observation records and analyzed it using two types of spatio-temporal input features: remotely-sensed environmental and climate data as well as multi-spectral earth observation images. Our approach employed custom deep learning models (three-dimensional and LSTM-based recurrent convolutional networks), along with the geospatial foundational model Prithvi recently released by Jakubik et al., 2023. These models notably outperformed existing baselines, with the Prithvi-based model, fine-tuned on multi-spectral images from NASA's Harmonized Landsat and Sentinel-2 (HLS) dataset, achieving the highest accuracy, F1 and ROC-AUC scores (83.03%, 81.53% and 87.69%, respectively). A significant finding from our research is that multi-spectral earth observation images alone are sufficient for effective locust breeding ground prediction without the need to explicitly incorporate climatic or environmental features.",10.48550/arxiv.2403.06860,preprint,Preprint,Primary evidence,Agriculture & food systems,Prithvi,Tier 3,Application study,Mixed / benchmark,Within-domain / unclear,Unclear,Positive
X9NANW72,2026-7-9,2026,Evaluating AlphaEarth and TESSERA Geospatial Embeddings for Machine Learning-Based Burned Area Mapping in Portugal,"Abstract Accurate burned area mapping is essential for wildfire damage assessment, post-fire management and fire regime analysis in fire-prone Mediterranean landscapes. Classical satellite-based approaches typically rely on spectral indices derived from paired pre- and post-fire optical imagery. Recently released geospatial embedding datasets, such as AlphaEarth and TESSERA, provide compact, ready-to-use representations of Earth observation data that may support burned area classification with lower event-specific processing requirements. However, their performance relative to established spectral workflows remains insufficiently assessed. This study compares AlphaEarth and TESSERA against a Sentinel-2 spectral baseline for machine learning-based burned area classification across twenty wildfire events from the official 2024 ICNF burned area catalogue for Portugal. Burned and unburned samples were generated from official fire perimeters using an adaptive, area-proportional sampling strategy. The Sentinel-2 baseline was constructed from pre- and post-fire temporal windows combining original bands, spectral indices and difference features. Random Forest, Support Vector Machine and Gradient Boosting classifiers were evaluated using five-fold GroupKFold cross-validation grouped by fire event, ensuring that no wildfire contributed samples to both training and test sets. TESSERA consistently outperformed AlphaEarth among the embedding-based representations. With Support Vector Machine, TESSERA achieved a mean F1-score of 0.860±0.046, compared with 0.812±0.083 for AlphaEarth. However, neither embedding matched the Sentinel-2 spectral baseline, which achieved the strongest overall performance with a mean F1-score of 0.895±0.027. Both embeddings showed reduced performance when features were extracted from the year following the fire rather than from the fire year itself, with F1-scores decreasing from 0.812 to 0.722 for AlphaEarth and from 0.860 to 0.796 for TESSERA. Spatial prediction maps generated with the best-performing TESSERA/SVM model reproduced coherent burned area patterns for two large fire events, although the quantitative evaluation remained sample-based rather than fully cartographic. These results indicate that geospatial embeddings are promising scalable complements to spectral workflows, rather than direct replacements. TESSERA, in particular, approaches spectral-baseline performance while avoiding event-specific image differencing, making it useful when a single annual feature layer must support the classification of multiple fire events. Nevertheless, when accurate fire dates and suitable Sentinel-2 imagery are available, a purpose-built spectral baseline remains the stronger option.",10.21203/rs.3.rs-10285823/v1,preprint,Preprint,Primary evidence,Disturbance & hazards,Multi-model,Tier 3,Comparative application,Feature extraction,Geographic + temporal,Product / mapped label,Mixed / conditional
STRWGT4Z,2026,2026,From Landslide Conditioning Factors to Satellite Embeddings: Evaluating the Utilisation of Google AlphaEarth for Landslide Susceptibility Mapping using Deep Learning,"Data-driven landslide susceptibility mapping (LSM) typically relies on landslide conditioning factors (LCFs), whose availability, heterogeneity, and preprocessing-related uncertainties can constrain mapping reliability. Recently, Google AlphaEarth (AE) embeddings, derived from multi-source geospatial observations, have emerged as a unified representation of Earth surface conditions. This study evaluated the potential of AE embeddings as alternative predictors for LSM. Two AE representations, including retained principal components and the full set of 64 embedding bands, were systematically compared with conventional LCFs across three study areas (Nantou County, Taiwan; Hong Kong; and part of Emilia-Romagna, Italy) using three deep learning models (CNN1D, CNN2D, and Vision Transformer). Performance was assessed using multiple evaluation metrics, ROC-AUC analysis, error statistics, and spatial pattern assessment. Results showed that AE-based models consistently outperformed LCFs across all regions and models, yielding higher F1-scores, AUC values, and more stable error distributions. Such improvement was most pronounced when using the full 64-band AE representation, with F1-score improvements of approximately 4% to 15% and AUC increased ranging from 0.04 to 0.11, depending on the study area and model. AE-based susceptibility maps also exhibited clearer spatial correspondence with observed landslide occurrences and enhanced sensitivity to localised landslide-prone conditions. Performance improvements were more evident in Nantou and Emilia than in Hong Kong, revealing that closer temporal alignment between AE embeddings and landslide inventories may lead to more effective LSM outcomes. These findings highlight the strong potential of AE embeddings as a standardised and information-rich alternative to conventional LCFs for LSM.",10.48550/arxiv.2601.07268,preprint,Preprint,Primary evidence,Disturbance & hazards,AlphaEarth,Tier 3,Comparative application,Feature extraction,Geographic,Product / mapped label,Positive
9FE5MACF,2025,2025,GraphFire-X: Physics-Informed Graph Attention Networks and Structural Gradient Boosting for Building-Scale Wildfire Preparedness at the Wildland-Urban Interface,"As wildfires increasingly evolve into urban conflagrations, traditional risk models that treat structures as isolated assets fail to capture the non-linear contagion dynamics characteristic of the wildland urban interface (WUI). This research bridges the gap between mechanistic physics and data driven learning by establishing a novel dual specialist ensemble framework that disentangles vulnerability into two distinct vectors, environmental contagion and structural fragility. The architecture integrates two specialized predictive streams, an environmental specialist, implemented as a graph neural network (GNN) that operationalizes the community as a directed contagion graph weighted by physics informed convection, radiation, and ember probabilities, and enriched with high dimensional Google AlphaEarth Foundation embeddings, and a Structural Specialist, implemented via XGBoost to isolate granular asset level resilience. Applied to the 2025 Eaton Fire, the framework reveals a critical dichotomy in risk drivers. The GNN demonstrates that neighborhood scale environmental pressure overwhelmingly dominates intrinsic structural features in defining propagation pathways, while the XGBoost model identifies eaves as the primary micro scale ingress vector. By synthesizing these divergent signals through logistic stacking, the ensemble achieves robust classification and generates a diagnostic risk topology. This capability empowers decision makers to move beyond binary loss prediction and precisely target mitigation prioritizing vegetation management for high connectivity clusters and structural hardening for architecturally vulnerable nodes thereby operationalizing a proactive, data driven approach to community resilience.",10.48550/arxiv.2512.20813,preprint,Preprint,Primary evidence,Disturbance & hazards,AlphaEarth,Tier 3,Application study,Mixed / benchmark,Within-domain / unclear,Unclear,Positive
MTQARBSD,2026-1-30,2026,Assessing the Utility of Satellite Embedding Features for Biomass Prediction in Subtropical Forests with Machine Learning,"Spatial predictions of forest biomass at regional scale in forests are critical to evaluate the effects of management practices across environmental gradients. Although multi-source remote sensing combined with machine learning has been widely applied to estimate forest biomass, these approaches often rely on complex data acquisition and processing workflows that limit their scalability for large-area assessments. To improve the efficiency, this study evaluates the potential of annual multi-sensor satellite embeddings derived from the AlphaEarth Foundations model for forest biomass prediction. Using field inventory data from 89 forest plots at the Yunhe Forestry Station in Zhejiang Province, China, we assessed and compared the performance of four machine learning algorithms: Random Forest (RF), Support Vector Regression (SVR), Multi-Layer Perceptron Neural Networks (MLPNN), and Gaussian Process Regression (GPR). Model evaluation was conducted using repeated 5-fold cross-validation. The results show that SVR achieved the highest predictive accuracy in broad-leaved and mixed forests, whereas RF performed best in coniferous forests. When all forest types were modeled together, predictive performance was consistently limited across algorithms, indicating substantial heterogeneity (e.g., structure, environment, and topography) among forest types. Spatial prediction maps across Yunhe Forestry Station revealed ecologically coherent patterns, with higher biomass values concentrated in intact forests with less human disturbance and lower biomass primarily occurring in fragmented forests and near urban regions. Overall, this study highlights the potential of embedding-based remote sensing for regional forest biomass estimation and suggests its utility for large-scale forest monitoring and management.",10.3390/rs18030436,journalArticle,Peer reviewed,Primary evidence,"Vegetation, carbon & fuels",AlphaEarth,Tier 2,Comparative application,Feature extraction,Within-domain / unclear,Mixed,Positive
EEI2JUBW,2025,2025,Cropland Mapping using Geospatial Embeddings,"Accurate and up-to-date land cover maps are essential for understanding land use change, a key driver of climate change. Geospatial embeddings offer a more efficient and accessible way to map landscape features, yet their use in real-world mapping applications remains underexplored. In this work, we evaluated the utility of geospatial embeddings for cropland mapping in Togo. We produced cropland maps using embeddings from Presto and AlphaEarth. Our findings show that geospatial embeddings can simplify workflows, achieve high-accuracy cropland classification and ultimately support better assessments of land use change and its climate impacts. 8 pages, 11 figures",10.48550/arxiv.2511.02923,preprint,Preprint,Primary evidence,Agriculture & food systems,AlphaEarth,Tier 3,Application study,Feature extraction,Within-domain / unclear,Product / mapped label,Positive
A5QWXV2S,2025-10-31,2025,Estimating River Water Quality Indicators in South Korea Using AlphaEarth Embeddings,"Water quality monitoring is essential for river management and ecosystem protection, yet in situ networks remain sparse relative to the spatial and temporal variability of rivers.This study evaluates whether geospatial foundation model embeddings can support scalable river water quality estimation.We combined annual observations from South Korea's national monitoring network (2017-2024) with AlphaEarth Foundation embeddings (64-dimensional latent features at 10 m resolution) and trained gradient-boosted trees to predict eight indicators.Reduced feature sets matched or exceeded the full model, while excluding spatial coordinates degraded performance, underscoring their importance.Across indicators, models achieved robust agreement with in situ data (overall out-of-sample R0.62-0.89).Pixelwise predictions resolved coherent spatial structure and interannual variation across four major rivers, though narrow shoreline edges displayed atypical values.Recurring embedding features were identified across multiple targets, suggesting that AlphaEarth encodes latent properties of inland waters.While limited by the available temporal span and spatial coverage, the results demonstrate that geospatial foundation embeddings enable accurate and transferable estimation of river water quality and provide reusable features for future aquatic and environmental applications.",10.7780/kjrs.2025.41.5.10,journalArticle,Peer reviewed,Primary evidence,"Water, energy & climate states",AlphaEarth,Tier 2,Application study,Feature extraction,Temporal,Direct / in situ,Positive
TPT2PEMB,2025,2025,Scalable Geospatial Data Generation Using AlphaEarth Foundations Model,"High-quality labeled geospatial datasets are essential for extracting insights and understanding our planet. Unfortunately, these datasets often do not span the entire globe and are limited to certain geographic regions where data was collected. Google DeepMind's recently released AlphaEarth Foundations (AEF) provides an information-dense global geospatial representation designed to serve as a useful input across a wide gamut of tasks. In this article we propose and evaluate a methodology which leverages AEF to extend geospatial labeled datasets beyond their initial geographic regions. We show that even basic models like random forests or logistic regression can be used to accomplish this task. We investigate a case study of extending LANDFIRE's Existing Vegetation Type (EVT) dataset beyond the USA into Canada at two levels of granularity: EvtPhys (13 classes) and EvtGp (80 classes). Qualitatively, for EvtPhys, model predictions align with ground truth. Trained models achieve 81% and 73% classification accuracy on EvtPhys validation sets in the USA and Canada, despite discussed limitations. 15 pages, 10 figures, 5 tables",10.48550/arxiv.2508.11739,preprint,Preprint,Primary evidence,"Ecosystems, land cover & cryosphere",AlphaEarth,Tier 3,Application study,Probe / reconstruction,Geographic,Unclear,Positive
ZSZ3JV87,2025-8-20,2025,Within- and cross-regional crop classification for cool climate upland agriculture using AlphaEarth.,"Accurate crop classification is essential for precision agriculture, policy making, and environmental monitoring.While Google AlphaEarth provides powerful analysis-ready geospatial data with high-dimensional embedded vectors, its applicability for crop classification is limited and cross-regional transferability remains untested.This study evaluated within-and crossregional performance of crop classification using AlphaEarth across three cool climate agricultural regions: Northern Europe (Germany), Northern Japan (Hokkaido), and Northern US (Michigan).Within-region crop classification achieved high overall accuracy (91.4-99.1%)irrespective of regions and classifiers (support vector machine, random forest, and partial least squares).However, cross-regional transfer showed limited success.While models trained using Japanese dataset exhibited high accuracy (88.0-94.9%) in US dataset, reverse transfer (i.e.trained with US dataset and tested with Japanese dataset) and other combinations of transfer did not result in accurate classification.This study demonstrated (1) the utility of AlphaEarth as input data for regional-level crop classification, and (2) the limitations of AlphaEarth for cross-regional crop classification.",10.31220/agrirxiv.2025.00354,preprint,Preprint,Primary evidence,Agriculture & food systems,AlphaEarth,Tier 3,Application study,Feature extraction,Geographic,Unclear,Positive
5QGV6AS5,2025,2025,Deep Learning-Based Burned Area Mapping Using Bi-Temporal Siamese Networks and AlphaEarth Foundation Datasets,"Accurate and timely mapping of burned areas is crucial for environmental monitoring, disaster management, and assessment of climate change. This study presents a novel approach to automated burned area mapping using the AlphaEArth dataset combined with the Siamese U-Net deep learning architecture. The AlphaEArth Dataset, comprising high-resolution optical and thermal infrared imagery with comprehensive ground-truth annotations, provides an unprecedented resource for training robust burned area detection models. We trained our model with the Monitoring Trends in Burn Severity (MTBS) dataset in the contiguous US and evaluated it with 17 regions cross in Europe. Our experimental results demonstrate that the proposed ensemble approach achieves superior performance with an overall accuracy of 95%, IoU of 0.6, and F1-score of 74% on the test dataset. The model successfully identifies burned areas across diverse ecosystems with complex background, showing particular strength in detecting partially burned vegetation and fire boundaries and its transferability and high generalization in burned area mapping. This research contributes to the advancement of automated fire damage assessment and provides a scalable solution for global burn area monitoring using the AlphaEarth dataset.",10.48550/arxiv.2509.07852,preprint,Preprint,Primary evidence,Disturbance & hazards,AlphaEarth,Tier 3,Application study,Feature extraction,Geographic,Product / mapped label,Positive
IGXEH3V4,2026-1-15,2026,Streamlining Wetland Vegetation Mapping with AlphaEarth Embeddings: Comparable Accuracy to Traditional Methods with Cleaner Maps and Minimal Preprocessing,"Accurate mapping of wetland vegetation is essential for ecosystem monitoring and conservation planning. Traditional workflows combining Sentinel-1 SAR, Sentinel-2 optical imagery, and topographic data have advanced vegetation classification but require extensive preprocessing and often yield fragmented boundaries and “salt-and-pepper” noise. In this study, we compare a conventional multi-sensor classification framework with a novel embedding-based approach derived from the AlphaEarth foundation model, using a cluster-guided Random Forest classifier applied to the dynamic wetland system of Narran Lake, New South Wales. Both approaches achieved high accuracy ac with test performance typically in the ranges: OA = 0.985–0.991, Cohen’s κ = 0.977–0.990, weighted F1 = 0.986–0.991, and MCC = 0.977–0.990. Embedding based maps showed markedly improved spatial coherence (lower edge density, local entropy, and patch fragmentation), producing smoother, ecologically consistent boundaries while requiring minimal preprocessing. Differences in class delineation were most evident in fire-affected and agricultural areas, where embeddings demonstrated greater resilience to spectral disturbance and post-fire variability. Although overall accuracies exceeded 0.98, these high values reflect the use of spectrally pure, homogeneous training samples rather than overfitting. The results highlight that embedding-driven methods can deliver cleaner, more interpretable vegetation maps with far less data preparation, underscoring their potential to streamline large-scale ecological monitoring and enhance the spatial realism of wetland mapping.",10.3390/rs18020293,journalArticle,Peer reviewed,Primary evidence,"Ecosystems, land cover & cryosphere",AlphaEarth,Tier 3,Application study,Feature extraction,Within-domain / unclear,Product / mapped label,Positive
JIGCF8Z8,2026,2026,Embedding -based Crop Type Classification in the Groundnut Basin of Senegal,"Crop type maps from satellite remote sensing are important tools for food security, local livelihood support and climate change mitigation in smallholder regions of the world, but most satellite-based methods are not well suited to smallholder conditions. To address this gap, we establish a four-part criteria for a useful embedding-based approach consisting of 1) performance, 2) plausibility, 3) transferability and 4) accessibility and evaluate geospatial foundation model (FM) embeddings -based approaches using TESSERA and AlphaEarth against current baseline methods for a region in the groundnut basin of Senegal. We find that the TESSERA -based approach to land cover and crop type mapping fulfills the selection criteria best, and in one temporal transfer example shows 28% higher accuracy compared to the next best method. These results indicate that TESSERA embeddings are an effective approach for crop type classification and mapping tasks in Senegal.",10.48550/arxiv.2601.16900,preprint,Preprint,Primary evidence,Agriculture & food systems,Multi-model,Tier 3,Application study,Feature extraction,Temporal,Product / mapped label,Positive
2R2GTHUQ,2026-6-9,2026,Beyond Multispectral Limits: Satellite Embeddings For Fire Severity Estimation Across Global Biomes,"Abstract Estimating fuel consumption intensity is essential for understanding wildfire behavior, destructiveness, post-fire ecological assessments, risk, management, and mitigation. Over the last five decades, multispectral Earth Observation (EO) data were instrumental in quantifying fire intensity or severity. The spectral contrast between near-infrared and shortwave-infrared reflectance has been used to derive the Normalized Burn Ratio (NBR) and the differential pre- and post-fire NBR (ΔNBR), a reliable proxy for fire severity. However, fire severity estimation from multispectral data often faces challenges, including cloud and smoke interference, canopy obstruction in dense forests, and temporal gaps between satellite revisits and fire events. Google Satellite Embedding (GSE) offers a new direction by integrating multi-source EO and reanalysis data, including optical, thermal, SAR, LiDAR, elevation, climate, and gravity datasets into compact 64-dimensional vectors that encode temporal trajectories of the land surface at 10m resolution. A scalable method has been developed using Random Forest (RF) and eXtreme Gradient Boosting (XGBoost) to model and predict ΔNBR from GSE-vectors anchored to pre- and post-fire Sentinel-2A data. The models were evaluated across different forest biomes: Mediterranean Shrubland (Castelo Branco Fire, Portugal, 2020; R² = 0.89), Taiga biome (La-Grande Reservoir Fire, Canada, 2023; R² = 0.71), Temperate Deciduous (Dwarahat, India, 2019; R² = 0.69), Savannas (Northern Congo Fire, 2020; R² = 0.79), Tropical Dry Forest (Bandipur Fire, 2019; R² = 0.86), Coniferous Forest (Park Fire, Northern California, USA, 2024; R² = 0.82), and Desert Shrubland (Black Summer Bushfires, Australia, 2019; R² = 0.76). The RMSE and MAE demonstrated 0.04–0.16 and 0.03–0.11, respectively. The framework suggests that GSE can effectively track fire-induced destruction and associated land-cover changes that are often challenging in multispectral data.",10.21203/rs.3.rs-9849270/v1,preprint,Preprint,Primary evidence,Disturbance & hazards,AlphaEarth,Tier 3,Application study,Feature extraction,Geographic,Unclear,Positive
8TMCG4B9,2026-7-3,2026,Utilising embeddings for maps of winter wheat and crop rotation in Henan China during 2018-2024,"Abstract. Accurate large-scale monitoring of wheat cultivation and its crop rotation patterns is essential for food security and agricultural management. However, traditional remote sensing classification approaches typically rely on long-term multi-source imagery, complex feature engineering, and extensive labelled samples, limiting their scalability and spatiotemporal generalisation. To address these challenges, this study explores the potential of the AlphaEarth Foundation (AEF) embeddings—a global, annual, analysis-ready satellite embedding dataset—for winter wheat and crop rotation mapping. Firstly, we analyze AEF embeddings for intra-class consistency and inter-class separability, assessing their effectiveness in representing wheat. Subsequently, we compare multiple lightweight classifiers to identify an optimal model and conduct spatiotemporal generalization experiments across Henan Province from 2018 to 2024 using only limited labelled samples from 2020. Based on the resulting wheat maps, crop rotation patterns are further identified. Experimental results demonstrate that AEF embeddings exhibit strong semantic coherence and discriminative capability. Acceptable accuracy (OA=0.85) can already be achieved with simple models like cosine similarity and linear regression. More advanced lightweight classifiers further improve performance (OA=0.86–0.93) while maintaining stable results across different years and regions (spatial consistency=0.82). In addition, the crop rotation maps show high spatial agreement with existing products, while producing more spatially contiguous field patterns. Overall, AEF embeddings can serve as effective, ready-to-use features for large-scale agricultural remote sensing applications. By substantially reducing reliance on complex feature engineering and extensive training samples, they provide a practical and scalable solution for mapping winter wheat and its crop rotation patterns.",10.5194/isprs-annals-xi-2-2026-865-2026,journalArticle,Peer reviewed,Primary evidence,Agriculture & food systems,AlphaEarth,Tier 3,Comparative application,Feature extraction,Geographic + temporal,Mixed,Positive
UF6E8ERB,2026-6-10,2026,Mapping peatland species fractions and condition using multi-temporal spaceborne imaging spectroscopy data,"Rewetting drained peatlands is crucial in mitigating climate change, but special monitoring schemes are required to track rewetting effects. Species distribution and condition may give indications on water level and hence rewetting success. We mapped the fractions of seven peatland related and four non-peatland vegetation classes, as well as their dynamics in condition from five 30 m EnMAP images. We used neural network regression with synthetic training data augmentation to predict peatland vegetation fractions (e.g., Phragmites australis , Typha spp. and Carex spp.) from the hyperspectral EnMAP stack, as well as NPV (non-photosynthetically active vegetation), GV (green vegetation), and water fractions from the single-dates to derive intra-annual dynamics. Patterns of species fractions matched field observations at varying accuracies with the highest agreement for Typha and Phragmites (MAE = 16% and 22%, respectively). The changes in vegetation condition similarly matched field observations (GV: MAE = 12%, Water: MAE = 14%, NPV = 21%), and in combination with species fractions revealed class-specific trends, such as differences in timing of the green peak (maximum GV fractions). Intraspecific variations in green peak could be observed for the class Phragmites, indicating differences in water level. Further, dynamics in the extent of open water areas were apparent, highlighting the necessity of multi-temporal information. Increasing availability of spaceborne imaging spectroscopy will enable long-term monitoring of peatland rewetting, accounting for intra-annual variations in vegetation and water dynamics.",10.3389/fenvs.2026.1805563,journalArticle,Peer reviewed,Excluded: no EOFM use,Wetland spectroscopy (non-EOFM),Other EOFM,,,,,,
KRHM969D,2026-1-29,2026,"Hydrochemistry and modeling nitrate concentration in farmland groundwater under different hydrological seasons by integrating hybrid quantum-classical ML, virtual sample generation and AlphaEarth Foundation","Abstract. Precise seasonal prediction of groundwater nitrate concentrations in intensive agricultural areas faces challenges such as data sparsity, strong spatiotemporal heterogeneity, and complex hydro-biogeochemical processes. To address these issues, this study proposes an integrated prediction framework combining hybrid quantum-classical machine learning, advanced virtual sample generation (t-SNE-GMM-KNN), and remote sensing foundation model semantic embedding (AEF). Modeling was conducted across the 2022–2023 normal, dry, and wet seasons in Xiong'an New Area. Hydrochemical types were dominated by Ca-Mg-HCO3−, controlled by mineral dissolution and evaporation. Nitrate concentrations were highest in the dry season (mean 42.93 mg L−1), driven by evaporative concentration. Spatially, high-value zones shifted: southeast (normal), central (dry), and northwest (wet). MixSIAR modeling based on isotopes indicated domestic sewage and livestock manure (74.1 %) as dominant sources. The t-SNE-GMM-KNN strategy mitigated small-sample bias while preserving nonlinear structure. When virtual samples were augmented to 10-fold, the Random Forest R2 in the dry season increased from 0.284 to > 0.85. Furthermore, a hybrid quantum-classical Random Forest exhibited superior robustness for data sparsity, achieving peak performance in the normal season (R2 = 0.962, RMSE = 5.73 mg L−1). Additionally, using only AEF embeddings achieved screening-level accuracy (R2 up to 0.860), providing a feasible rapid survey scheme for extensive unmonitored regions. Correlation analysis identified TDS and EC as persistent top predictors (r > 0.8). This comprehensive framework offers a robust solution for seasonal nitrate prediction and sustainable water management.",10.5194/egusphere-2026-272,preprint,Preprint,Primary evidence,"Water, energy & climate states",AlphaEarth,Tier 2,Application study,Fusion / similarity,Within-domain / unclear,Direct / in situ,Mixed / conditional
DZKA5X7T,2026-4-30,2026,Fusing Satellite Embeddings to Improve Streamflow Reconstruction Across River Networks,"Abstract. Reconstructing streamflow across river networks is increasingly challenging in the context of heavily modified land surface conditions. Here we present a Data Integration model with Satellite Embeddings (DISE), a reach-scale residual-learning framework that integrates Google Satellite Embeddings (SE; compact learned vector representations of satellite imagery) from the AlphaEarth Foundation Model with a recently developed discharge simulation (GRADES-hydroDL) by learning corrections toward gauge observations. We evaluate DISE at 41 gauging stations in the Yangtze River Basin using leave-one-station-out cross-validation, with embeddings aggregated over each reach’s contributing subcatchment. Simulations incorporating SE consistently outperform the GRADES-hydroDL baseline, with mean aggregation emerging as the most balanced strategy. Improvements are most pronounced for magnitude and bias: compared to GRADES-hydroDL, median KGE increases from 0.485 to 0.594 and median NSE from 0.301 to 0.533, while correlation gains remain modest, suggesting SE primarily help the model capture streamflow volume and variability rather than timing. Control experiments further show that SE enhance spatial generalization beyond both meteorological forcings and traditional hydro-environmental reach attributes (RiverATLAS): compared to the base configuration without spatial context, adding SE alone increases median KGE from 0.473 to 0.594; when SE are further added on top of RiverATLAS, median KGE increases from 0.497 to 0.567. Once SE are included, adding RiverATLAS can even slightly reduce performance. Embedding-driven gains weaken where streamflow is governed by processes not directly visible from surface imagery, particularly complex reservoir operations. Nevertheless, SE can still provide useful information when forcing-based corrections are limited. These results demonstrate that SE provide analysis-ready, information-rich representations of land surface heterogeneity that measurably strengthen streamflow reconstruction across river networks. DISE offers a scalable pathway to inject high-resolution Earth observation context into river-network modeling, improving predictions in basins where conventional forcings and hydro-environmental descriptors are often insufficient.",10.5194/egusphere-2026-1834,preprint,Preprint,Primary evidence,Hydrological modelling,AlphaEarth,Tier 2,Application study,Fusion / similarity,Geographic,Mixed,Positive
YDU47ZUT,2026-07-08,2026,MMEarth-Bench: Global Model Adaptation via Multimodal Test-Time Training,"Recent research in geospatial machine learning demonstrates that models pretrained with self-supervised learning on Earth observation data can perform well on downstream tasks with limited labeled data. However, most benchmark datasets have few data modalities and poor global representation, limiting the ability to evaluate multimodal pretrained models at global scales. In order to fill this gap, we introduce MMEarth-Bench, a collection of five new environmental tasks with 12 modalities, globally distributed data, and both random and geographic test splits. We benchmark a diverse set of pretrained models and find that while (multimodal) pretraining tends to improve model robustness in limited data settings, geographic generalization abilities remain poor. Moreover, a simple randomly initialized multimodal model is competitive given enough labeled data. Although data is abundant, models can currently only make use of the modalities on which they were pretrained. To solve this problem, we propose using all the modalities available at test time as auxiliary tasks for test-time adaptation. Our model-agnostic method for test-time training with multimodal reconstruction (TTT-MMR) can improve performance across all models and tasks on both test splits. Furthermore, geographic batching leads to a good trade-off between regularization and specialization during TTT, which is especially beneficial for long-tail distributions. Our dataset, code, and visualization tool are linked on the project page: lgordon99.github.io/mmearth-bench.",10.48550/arXiv.2602.06285,preprint,Preprint,Primary evidence,Multi-domain benchmarks,Other EOFM,Tiers 2–3,Benchmark,Fine-tuning / PEFT,Geographic,Product / mapped label,Mixed / conditional
KWDAVLR6,2026-03-10,2026,Geospatial foundation models enable data-efficient tree species mapping in temperate mountain forests,"Accurate mapping of tree species from satellite data remains challenging in heterogeneous mountain forests due to environmental gradients, mixed stands, limited availability of high-purity training labels, and strong illumination-angle effects. Recent geospatial foundation models offer a new approach by learning generic, cloud-agnostic, information-rich representations from large multi-sensor archives suitable for a range of downstream tasks, but their ecological utility for species-level mapping remains incompletely understood. Here, we evaluate two geospatial foundation-model embeddings, AlphaEarth and Tessera, for tree species classification in the Trentino region of northern Italy, using parcel-level forest inventories as reference data (18 species and species groups). We compare their performance against conventional Sentinel-1+2 satellite composites across a series of controlled experiments examining classification accuracy, label efficiency, classifier complexity, robustness to label impurity, and temporal transferability. Foundation-model embeddings consistently outperform composite-based multispectral satellite baselines (weighted F1 = 0.83 vs. 0.80; macro F1 = 0.55 vs. 0.50), reaching near-asymptotic accuracy with as few as 5% of available training parcels and preserving ecologically meaningful structure aligned with functional and taxonomic groupings. However, realising this advantage requires a nonlinear classifier: a compact neural network provides better results than classic machine learning (i.e. Random Forest) and performs as well as deeper neural networks, while a linear classifier on foundation-model embeddings underperforms a neural network on conventional composites. Ancillary environmental covariates offer no additional classification benefit when added to embedding-based models. Classification accuracy remains robust to moderate levels of label impurity, allowing mixed parcels to be retained in the training dataset without substantial penalties, while training with parcel-level species proportions as soft labels achieves higher peak performance (macro F1 = 0.586 for Tessera, 0.589 for AlphaEarth) and lower Proportion L1 error than hard labels without requiring purity filtering, maximising the value of the full range of input data. However, temporal transfer across years reveals performance degradation, with weighted F1 declining by 9% for Tessera and 15% for AlphaEarth, and disproportionate losses for rare species. Overall, our results show that geospatial foundation models shift a primary bottleneck in species mapping from feature engineering toward the availability, quality, and temporal alignment of ecological reference data, while opening new opportunities for scalable biodiversity monitoring and the analysis of ecological change.",10.64898/2026.02.23.707022,preprint,Preprint,Primary evidence,"Ecosystems, land cover & cryosphere",Multi-model,Tier 3,Application study,Mixed / benchmark,Geographic + temporal,Product / mapped label,Positive
KBBGUF4Y,2026-05-06,2026,Low-Rank Adaptation of Geospatial Foundation Models for Wildfire Mapping Using Sentinel-2 Data,"Wildfire burned-area mapping is essential for damage assessment, emissions modeling, and understanding fire-climate interactions across diverse ecological regions. Recent geospatial foundation models provide strong general-purpose representations for satellite imagery, yet there is still no clear understanding of how to efficiently adapt these models for downstream Earth observation tasks, particularly under geographic and temporal domain shift. This study evaluates three state-of-the-art Geospatial Foundation Models (GFMs) - Terramind, DINOv3, and Prithvi-v2 - for burned-area mapping across the United States and Canada using Sentinel-2 data. Leveraging 3,820 wildfire events from 2017-2023, we conduct spatial and temporal generalization tests across diverse biomes. We systematically compare full fine-tuning, decoder-only fine-tuning, and Low-Rank Adaptation (LoRA) for adapting each model. Across all experiments, LoRA provides the strongest cross-domain generalization while updating less than 1% of parameters, demonstrating a favorable trade-off between accuracy and efficiency. Prithvi-v2 with LoRA achieves the highest overall accuracy and the largest improvement compared to full fine-tuning. These findings indicate that geospatial foundation models, when adapted using lightweight parameter-efficient methods such as LoRA, offer a robust and scalable solution for large-scale burned-area mapping. Code is available at https://github.com/alishibli97/wildfire-lora-gfm.",10.48550/arXiv.2605.04989,preprint,Preprint,Primary evidence,Disturbance & hazards,Multi-model,Tier 3,Application study,Fine-tuning / PEFT,Geographic + temporal,Product / mapped label,Positive
K5YW2Q5H,2026-02-04,2026,Interpolation of GEDI Biomass Estimates with Calibrated Uncertainty Quantification,"Reliable wall-to-wall biomass density estimation from NASA's GEDI mission requires interpolating sparse LIDAR observations across heterogeneous landscapes. While machine learning approaches like Random Forest and XGBoost are widely used, they treat spatial predictions of GEDI observations from multispectral or SAR remote sensing data as independent without adapting to the varying difficulty of heterogeneous landscapes. We demonstrate these approaches generally fail to produce calibrated prediction intervals. We show that this stems from conflating ensemble variance with aleatoric uncertainty and ignoring local spatial context. To resolve this, we introduce Attentive Neural Processes (ANPs), a probabilistic meta-learning architecture that explicitly conditions predictions on local observation sets and exploits geospatial foundation model embeddings. Unlike static ensembles, ANPs learn a flexible spatial covariance function, allowing estimates to be more uncertain in complex landscapes and less in homogeneous areas. We validate this approach across five distinct biomes ranging from tropical Amazonian forests to boreal, temperate, and alpine ecosystems, demonstrating that ANPs achieve competitive accuracy while maintaining near-ideal uncertainty calibration. We demonstrate the operational utility of the method through few-shot adaptation, where the model recovers most of the performance gap in cross-region transfer using minimal local data. This work provides a scalable, theoretically rigorous alternative to ensemble variance for continental scale earth observation.",10.48550/arXiv.2601.16834,preprint,Preprint,Primary evidence,"Vegetation, carbon & fuels",Other EOFM,Tier 2,Model paper with applications,Mixed / benchmark,Geographic,Product / mapped label,Mixed / conditional
5PHB4GKV,2026,2026,"Assessing Geo-Foundational Models for Flood Inundation Mapping: Benchmarking Models for Sentinel-1, Sentinel-2, and Planetscope","Geo-foundational models (GFMs) enable fast and reliable extraction of spatiotemporal information from satellite imagery, improving flood inundation mapping by leveraging location and time embeddings. Despite their potential, it remains unclear whether GFMs outperform traditional models such as U-Net. A systematic comparison across sensors and data availability scenarios is still lacking, which is essential to guide end-users in model selection. To address this, we evaluate three GFMs—Prithvi 2.0, Clay V1.5, dynamic one-for-all (DOFA)—and UViT (a Prithvi variant), against TransNorm, U-Net, DeepLabv3+, and Attention U-Net using PlanetScope (PS), Sentinel-1, and Sentinel-2. We observe competitive performance among all GFMs, with 2% –5% variation between the best and worst models across sensors. Clay outperforms others on PS (0.79 mIoU) and Sentinel-2 (0.72), while Prithvi leads on Sentinel-1 (0.57). In leave-one-region-out cross-validation across five regions, Clay shows slightly better performance across all sensors, with mIoU scores of 0.72, 0.66, and 0.51 for PanetScope, Sentinel-2, and Sentinel-1 respectively, compared to Prithvi (0.70, 0.64, 0.49) and DOFA (0.67, 0.64, 0.49). Across all 19 sites, cross-validation reveals a 4% improvement by Clay over U-Net. Visual inspection highlights Clay’s superior ability to retain fine details. Few-shot experiments show Clay achieves 0.64 mIoU on PS with just five training images, outperforming Prithvi (0.24) and DOFA (0.35). In terms of computational time, Clay is a better choice due to its smaller model size (26M parameters), making it approximately 3× faster than Prithvi (650M) and 2× faster than DOFA (410M). Our results suggest GFMs offer small to moderate improvements in flood mapping accuracy at lower computational cost and labeling effort.",10.1109/JSTARS.2026.3656855,journalArticle,Peer reviewed,Primary evidence,Disturbance & hazards,Multi-model,Tier 3,Benchmark,Mixed / benchmark,Geographic,Product / mapped label,Mixed / conditional
45HDHVJW,2026-01-05,2026,Prithvi-Complimentary Adaptive Fusion Encoder (CAFE): unlocking full-potential for flood inundation mapping,"Geo-Foundation Models (GFMs), have proven effective in diverse downstream applications, including semantic segmentation, classification, and regression tasks. However, in case of flood mapping using Sen1Flood11 dataset as a downstream task, GFMs struggles to outperform the baseline U-Net, highlighting model's limitation in capturing critical local nuances. To address this, we present the Prithvi-Complementary Adaptive Fusion Encoder (CAFE), which integrate Prithvi GFM pretrained encoder with a parallel CNN residual branch enhanced by Convolutional Attention Modules (CAM). Prithvi-CAFE enables fast and efficient fine-tuning through adapters in Prithvi and performs multi-scale, multi-level fusion with CNN features, capturing critical local details while preserving long-range dependencies. We achieve state-of-the-art results on two comprehensive flood mapping datasets: Sen1Flood11 and FloodPlanet. On Sen1Flood11 test data, Prithvi-CAFE (IoU 83.41) outperforms the original Prithvi (IoU 82.50) and other major GFMs (TerraMind 82.90, DOFA 81.54, spectralGPT: 81.02). The improvement is even more pronounced on the hold-out test site, where Prithvi-CAFE achieves an IoU of 81.37 compared to the baseline U-Net (70.57) and original Prithvi (72.42). On FloodPlanet, Prithvi-CAFE also surpasses the baseline U-Net and other GFMs, achieving an IoU of 64.70 compared to U-Net (60.14), Terramind (62.33), DOFA (59.15) and Prithvi 2.0 (61.91). Our proposed simple yet effective Prithvi-CAFE demonstrates strong potential for improving segmentation tasks where multi-channel and multi-modal data provide complementary information and local details are critical. The code is released on \href{https://github.com/Sk-2103/Prithvi-CAFE}{Prithvi-CAFE Github}",10.48550/arXiv.2601.02315,preprint,Preprint,Primary evidence,Disturbance & hazards,Multi-model,Tier 3,Application study,Fine-tuning / PEFT,Geographic,Product / mapped label,Positive
T5RL3SVG,2026-01-28,2026,Applications of the TESSERA Geospatial Foundation Model to Diverse Environmental Mapping Tasks,"Accurate monitoring of natural resources at scale requires processing petabytes of satellite observations, yet persistent cloud cover, irregular observation patterns, and the scarcity of labeled training data limit conventional approaches. We recently proposed the TESSERA self-supervised foundation model that generates 128-dimensional pixel embeddings from Sentinel-1 and Sentinel-2 time series at 10 m resolution with annual global coverage. TESSERA is trained on 800 million globally distributed pixels spanning 2017-2024 and uses a dual-branch Barlow Twin loss to learn spectrally and temporally decorrelated representations that preserve phenological signals and temporal dynamics despite being obscured by clouds, which eliminates the need for compositing, curve fitting or the extraction of hand-crafted feature sets. Here, we evaluate TESSERA performance across five diverse downstream applications: crop type classification in Austria, wildfire burn area detection in California, canopy height estimation in Bornean tropical rainforests, above-ground biomass prediction in Finnish forests, and carbon market stocking indices in Brazilian agroforestry systems. In all cases, TESSERA matches or exceeds the performance of task-specific supervised models. It achieves excellent label efficiency, typically reaching over 90% of final performance using less than 1% of available training data, making scalable monitoring for biodiversity conservation, climate policy, and ecosystem management possible even in resource-constrained environments.",10.2139/ssrn.6142416,preprint,Preprint,Primary evidence,Multi-domain benchmarks,TESSERA,Tiers 2–3,Application study,Mixed / benchmark,Geographic,Product / mapped label,Positive
J93VWMRF,2025-11-27,2025,Leveraging AI multimodal geospatial foundation models for improved near-real-time flood mapping at a global scale,"Floods are among the most damaging weather-related hazards, and in 2024, the warmest year on record, extreme flood events affected communities across five continents. Earth observation (EO) satellites provide critical, frequent coverage for mapping inundation, yet operational accuracy depends heavily on labeled datasets and model generalization. Recent Geospatial Foundation Models (GFMs), such as ESA-IBM's TerraMind, offer improved generalizability through large-scale self-supervised pretraining, but their performance on diverse global flood events remains poorly understood. We fine-tune TerraMind for flood extent mapping using FloodsNet, a harmonized multimodal dataset containing co-located Sentinel-1 (Synthetic Aperture Radar, SAR data) and Sentinel-2 (optical) imagery for 85 flood events worldwide. We tested four configurations (base vs. large models; frozen vs. unfrozen backbones) and compared against the TerraMind Sen1Floods11 example and a U-Net trained on both FloodsNet and Sen1Floods11. The base-unfrozen configuration provided the best balance of accuracy, precision, and recall at substantially lower computational cost than the large model. The large unfrozen model achieved the highest recall. Models trained on FloodsNet outperformed the Sen1Floods11-trained example in recall with similar overall accuracy. U-Net achieved higher recall than all GFM configurations, though with slightly lower accuracy and precision. Our results demonstrate that integrating multimodal optical and SAR data and fine-tuning a GFM can enhance near-real-time flood mapping. This study provides one of the first global-scale evaluations of a GFM for flood segmentation, highlighting both its potential and current limitations for climate adaptation and disaster resilience.",10.48550/arXiv.2512.02055,preprint,Preprint,Primary evidence,Disturbance & hazards,TerraMind,Tier 3,Application study,Fine-tuning / PEFT,Geographic,Product / mapped label,Positive
WMC3AAIC,2026-03-30,2026,ZeroFlood: Flood Hazard Mapping from Single-Modality SAR Using Geo-Foundation Models,"Flood hazard mapping is essential for disaster prevention but remains challenging in data-scarce regions, where traditional hydrodynamic models require extensive geophysical inputs. This paper introduces \textit{ZeroFlood}, a framework that leverages Geo-Foundation Models (GeoFMs) to predict flood hazard maps using single-modality Earth Observation (EO) data, specifically SAR imagery. We construct a dataset that pairs EO data with flood hazard simulations across the European continent. Using this dataset, we evaluate several recent GeoFMs for the flood hazard segmentation task. Experimental results show that the best-performing model, TerraMind, achieves an F1-score of 88.36\%, outperforming supervised learning baselines by more than 3 percentage points. We shows the performance can be further improved by applying the Thinking-in-Modality (TiM) mechanism. These results demonstrate the potential of Geo-Foundation Models for data-driven flood hazard mapping using limited observational inputs. The dataset and experiment code are publicly available at https://github.com/khyeongkyun/zeroflood.",10.48550/arXiv.2510.23364,preprint,Preprint,Primary evidence,Disturbance & hazards,TerraMind,Tier 3,Application study,Fine-tuning / PEFT,Within-domain / unclear,Product / mapped label,Positive
W3G98ULN,2025-12-02,2025,High-Resolution LFMC Maps for Wildfire Risk From Multimodal Earth Observation Data,"Wildfires are increasing in intensity and severity at an alarming rate. Recent advances in AI and publicly available satellite data enable monitoring critical wildfire risk factors globally, at high resolution and low latency. Live Fuel Moisture Content (LFMC) is a critical wildfire risk factor and is valuable for both wildfire research and operational response. However, ground-based LFMC samples are both labor intensive and costly to acquire resulting in sparse and infrequent updates. In this work, we explore the use of a pretrained, highly-multimodal earth-observation model for generating large-scale spatially complete (wall-to-wall) LFMC maps. Our approach achieves significant improvements over previous methods using randomly initialized models (>20>20>20% reduction in RMSE). We provide an automated pipeline that enables rapid generation of these LFMC maps across the United States, and demonstrate its effectiveness in two regions recently impacted by wildfire (Eaton and Palisades).",,conferencePaper,Conference,Primary evidence,"Vegetation, carbon & fuels",Other EOFM,Tier 2,Application study,Mixed / benchmark,Geographic,Product / mapped label,Positive
EKDJRCR7,2026-03-09,2026,BotaCLIP: Contrastive Learning for Botany-Aware Representation of Earth Observation Data,"Foundation models have demonstrated a remarkable ability to learn rich, transferable representations across diverse modalities such as images, text, and audio. In modern machine learning pipelines, these representations often replace raw data as the primary input for downstream tasks. In this paper, we address the challenge of adapting a pre-trained foundation model to inject domain-specific knowledge, without retraining from scratch or incurring significant computational costs. To this end, we introduce BotaCLIP, a lightweight multimodal contrastive framework that adapts a pre-trained Earth Observation foundation model (DOFA) by aligning high-resolution aerial imagery with botanical relevés. Unlike generic embeddings, BotaCLIP internalizes ecological structure through contrastive learning with a regularization strategy that mitigates catastrophic forgetting. Once trained, the resulting embeddings serve as transferable representations for downstream predictors. Motivated by real-world applications in biodiversity modeling, we evaluated BotaCLIP representations in three ecological tasks: plant presence prediction, butterfly occurrence modeling, and soil trophic group abundance estimation. The results showed consistent improvements over those derived from DOFA and supervised baselines. More broadly, this work illustrates how domain-aware adaptation of foundation models can inject expert knowledge into data-scarce settings, enabling frugal representation learning.",10.48550/arXiv.2511.21194,preprint,Preprint,Primary evidence,"Ecosystems, land cover & cryosphere",Other EOFM,Tier 3,Model paper with applications,Mixed / benchmark,Within-domain / unclear,Unclear,Positive
MHEWLR4P,2026-02-02,2026,StefaLand: An Efficient Geoscience Foundation Model That Improves Dynamic Land-Surface Predictions,"Managing natural resources and mitigating risks from floods, droughts, wildfires, and landslides require models that can accurately predict climate-driven land-surface responses. Traditional models often struggle with spatial generalization because they are trained or calibrated on limited observations and can degrade under concept drift. Recently proposed vision foundation models trained on satellite imagery demand massive compute, and they are not designed for dynamic land surface prediction tasks. We introduce StefaLand, a generative spatiotemporal Earth representation learning model centered on learning cross-domain interactions to suppress overfitting. StefaLand demonstrates especially strong spatial generalization on five datasets across four important tasks: streamflow, soil moisture, soil composition and landslides, compared to previous state-of-the-art methods. The domain-inspired design choices include a location-aware masked autoencoder that fuses static and time-series inputs, an attribute-based rather than image-based representation that drastically reduces compute demands, and residual fine-tuning adapters that strengthen knowledge transfer across tasks. StefaLand can be pretrained and finetuned on commonly available academic compute resources, yet consistently outperforms state-of-the-art supervised learning baselines, fine-tuned vision foundation models and commercially available embeddings, highlighting the previously overlooked value of cross-domain interactions and providing assistance to data-poor regions of the world.",10.48550/arXiv.2509.17942,preprint,Preprint,Primary evidence,Hydrological modelling,Other EOFM,Tier 2,Model paper with applications,Fine-tuning / PEFT,Geographic + temporal,Product / mapped label,Positive
SZ65GXGK,2026-05,2026,Modelling Carbon and Groundwater in Peatlands using Alpha Earth Embeddings,,10.5194/egusphere-egu26-13089,conferencePaper,Conference,Primary evidence,"Water, energy & climate states",AlphaEarth,Tier 2,Application study,Feature extraction,Within-domain / unclear,Direct / in situ,Mixed / conditional
W6AWLHUG,2026-05-29,2026,A new AI paradigm for groundwater level prediction: integrating the AlphaEarth foundations model in the Leizhou Peninsula,"Accurate spatial prediction of groundwater level is crucial for sustainable resource management but remains challenging in coastal regions like the Leizhou Peninsula due to sparse monitoring wells and the complexity of integrating various environmental data. Traditional models often fail to capture nonlinear interactions or generalize effectively under these data-constrained conditions. To address these limitations, this study proposes a novel framework that integrates the AlphaEarth Foundation (AEF) large model with the Tabular Prior-Data Fitted Network (TabPFN) deep learning architecture. We utilize the shared embedding data of the AEF to fuse various earth observation data including optical imagery, radar, and climate simulations into unified 64-dimensional features. Using monitoring data from 2023, six spatial prediction models were systematically evaluated and optimized through Bayesian frameworks to map groundwater depth (GWD). The results demonstrate that the proposed hybrid model achieved superior performance with a coefficient of determination (R2) of 0.793 and a root mean square error (RMSE) of 2.079 m. In addition, ablation experiments, 95% confidence intervals, and prediction bias analysis reveal that it outperformed traditional methods such as XGBoost and Random Forest. Furthermore, global sensitivity and interpretability analyses revealed that AEF embeddings effectively encoded key topographical and climatic drivers. The generated 90 m resolution GWD map unveiled distinct spatial heterogeneity across the peninsula. However, given the inherent uncertainties of small sample sizes, this framework is best utilized as a cost-effective, macro-level preliminary screening tool to guide future monitoring network densification and regional water management, rather than an absolute substitute for dense field monitoring.",10.3389/feart.2026.1790934,journalArticle,Peer reviewed,Primary evidence,"Water, energy & climate states",AlphaEarth,Tier 2,Application study,Fusion / similarity,Within-domain / unclear,Mixed,Positive
3JHD7V4R,2026-03-24,2026,Geospatial Foundation Model Embeddings Improve Land Surface Temperature Recovery in the Hawaiian Islands,"Geospatial foundation models (GeoFM) represent an emerging capability in Earth observation, yet their integration into all-weather Land Surface Temperature (LST) recovery remains largely unexplored. By fusing GOES-18 spectral observations with Google's AlphaEarth Foundations Embeddings (AEFE), this study introduced GeoFM embeddings as a novel feature in machine learning models for recovering all-weather LST at ground stations throughout the Hawaiian archipelago. This region serves as a critical testbed due to persistent orographic cloud cover, which creates substantial data gaps in traditional thermal imagery. Models were trained and validated against 5-minute averaged measurements from 53 Hawaiʻi Mesonet stations using Leave-One-Out Cross-Validation (LOOCV) to simulate unmonitored locations. The integration of GeoFM embeddings enhanced LST recovery accuracy, with the full model (spectral, auxiliary, and embedding features) achieving an all-sky RMSE of 2.87 K compared to 3.11 K without embeddings. Improvements were most pronounced under cloudy conditions, where embeddings reduced RMSE by 0.52 K for spectral-only models (p < 0.001) and by 0.32 K when added to models incorporating auxiliary features. These results demonstrate that GeoFM embeddings can provide rich, spatially coherent environmental context that complements traditional spectral features. This work further supports the hypothesis that GeoFMs can aid in gap-filling and detailed sub-hourly analysis in cloud-prone regions, with broader implications for multi-sensor environmental monitoring.",10.2139/ssrn.6462445,preprint,Preprint,Primary evidence,"Water, energy & climate states",AlphaEarth,Tier 1,Application study,Feature extraction,Geographic,Direct / in situ,Positive
XB5EMRX3,2026-06-25,2026,Foundation-Model Earth Representations Enable Regional-Scale Forest Aboveground Biomass Monitoring Across the Northeastern United States,"Forest aboveground biomass (AGB) is a critical indicator of ecosystem productivity and terrestrial carbon storage, yet regional carbon monitoring remains constrained by the sparse spatial and temporal availability of field inventories and airborne structural measurements. Recent Earth observation foundation models provide globally consistent geospatial representations derived from diverse multimodal datasets, offering a potential pathway toward scalable biomass monitoring. Here, we evaluate Google Satellite Embeddings (GSE), generated by the AplphaEarth Foundation Model, for regional-scale AGB estimation across diverse temperate forest ecosystems in the northeastern United States. We integrated annual GSE observations, airborne LiDAR, and continuous forest inventory measurements from the Northeastern Forest Inventory Network (NEFIN) within a machine-learning framework. Combined LiDAR-GSE models achieved an R^2 of 0.79 for AGB estimation. Capitalizing on annual GSE observations expanded the training dataset by more than tenfold through temporal growth adjustment, increasing predictive performance to R^2 = 0.82 while reducing model bias by over 70%. Spatial autocorrelation analyses showed that integrating foundation-model representations and structural predictors substantially reduced residual spatial dependence. Monte Carlo simulations demonstrated that hyperparameter optimization reduced model-performance variability by 27.9%. Our findings demonstrate that foundation-model Earth representations capture ecologically meaningful information relevant to forest biomass and provide a scalable framework for annual carbon monitoring in regions with incomplete airborne LiDAR coverage. Our fundings establish a pathway toward next-generation forest carbon assessment based on globally available foundation-model Earth observations.",10.48550/arXiv.2607.27217,preprint,Preprint,Primary evidence,"Vegetation, carbon & fuels",AlphaEarth,Tier 2,Application study,Mixed / benchmark,Geographic + temporal,Mixed,Positive
598QXXHQ,2026/04/20,2026,Better data or better architecture? Improving deep-learning-based prediction in ungauged basins,"<p><strong class=""journal-contentHeaderColor"">Abstract.</strong> Large-sample hydrology has recently been driven by two key developments. First, the introduction of hydrological benchmark datasets such as CAMELS-US and CARAVAN, and second, the emergence of deep‑learning modelling frameworks, particularly LSTM‑based regional models, which have demonstrated performance on par with, and in some cases exceeding, that of process-based models for streamflow prediction in gauged and ungauged settings. Building on these developments, we investigate whether (i) further enhanced LSTM architectures, (ii) new sets of static features, or (iii) a combination of both enable us to significantly improve Predictions in Ungauged Basins (PUB). In this study, we evaluate a state-of-the-art regional LSTM model (base LSTM) against embedded (EMB-LSTM) and cross‑attention enhanced (CA-LSTM) variants, in combination with a suite of newly applied static features, namely MODIS surface reflectance bands, ALPHAEARTH embeddings, DEM-, meteorology- and catchment coordinate-derived auxiliary aggregates, and conventional CAMELS attributes. We tested these model-and-data combinations in pseudo‑ungauged 5‑fold cross‑validation across the 531 CAMELS‑US catchments. Model performance was quantified by the Nash‑Sutcliffe Efficiency (NSE), while latent‑space complexity was assessed via the Shannon effective rank (erank). Results show that the quality of static features is more important than architectural improvements. ALPHAEARTH embeddings attained the highest median NSE, but only in combination with auxiliary static feature data (ALPHAEARTH<sub>plus</sub>). Architectural refinements yielded only modest improvements. Thereby the relatively simple EMB-LSTM, which allowed the LSTM layer to better ingest ALPHAEAERTH<sub>plus</sub> static features, outperformed the other architectures. With this combination, we achieved a median performance of NSE = 0.726, significantly improving the state-of-the-art PUB performance (NSE = 0.69) for the CAMELS-US dataset. Auxiliary analysis indicates that further improvement is possible when adding MODIS bands as additional dynamic features to the model. In conclusion, our study indicates that, broadly speaking, (a) better data is more important than better architecture, (b) better architecture is necessary only to accommodate better data, (c) the single layer LSTM remains the most suitable core model as of now, and (d) the Shannon effective rank complexity of the latent space is a useful diagnostic for linking improved PUB performance to improved quality of latent hydrological representation inside the model. Overall, this highlights the need for improved measurement‑derived descriptor datasets, especially for soil and geology.</p>",10.5194/egusphere-2026-1965,preprint,Preprint,Primary evidence,Hydrological modelling,AlphaEarth,Tier 2,Benchmark,Fusion / similarity,Geographic,Mixed,Positive
KIJKGTAP,2026,2026,Application of AlphaEarth GeoFoundation Model for High-Accuracy Crop Yield Estimation,,,conferencePaper,Conference,Primary evidence,Agriculture & food systems,AlphaEarth,Tier 3,Model paper with applications,Feature extraction,Temporal,Unclear,Positive
EZCMY7R7,2026-03-01,2026,Monitoring soil organic carbon from earth observation in the era of cover cropping and no-tillage,"The estimation of Soil Organic Carbon (SOC) from optical image spectroscopy typically relies on the availability of bare-soil conditions, which are increasingly rare due to the widespread adoption of conservation agriculture practices. This study evaluates alternative strategies for SOC prediction under limited bare-soil availability by comparing four methodological approaches based on Sentinel-2 imagery and related products: (i) bare-soil multispectral composites, (ii) vegetation indices, (iii) AlphaEarth Satellite Embeddings, and (iv) a hybrid geostatistical–machine learning model (KpR–Cubist). These methods were tested across three cropland regions with contrasting pedoclimatic conditions: Italy, France, and Taiwan. The evaluation relied on >1800 topsoil samples collected between 2020 and 2024. Results show that bare-soil availability varies significantly by region, with cloud cover and vegetation/farm management being the main limiting factors. Models using Satellite Embeddings consistently achieved the highest predictive accuracy (RPIQ up to 2.24) , outperforming conventional bare-soil composite and vegetation-based models. Incorporating spatial coordinates further improved model performance, revealing strong spatial autocorrelation in SOC distribution. The hybrid kriging–Cubist approach achieved comparable accuracy to the embedding-based models, confirming the value of integrating spatial dependence into data-driven frameworks. Overall, the study demonstrates that deep-learning–derived satellite embeddings models provide effective alternatives for SOC estimation in croplands where bare-soil imagery is increasingly unavailable due to sustainable soil management practices.",10.1016/j.atech.2026.101935,journalArticle,Peer reviewed,Primary evidence,"Water, energy & climate states",AlphaEarth,Tier 2,Application study,Mixed / benchmark,Geographic,Product / mapped label,Positive
453ZU23A,2026-07-01,2026,Utilizing Earth Foundation Models to Enhance the Simulation Performance of Hydrological Models with AlphaEarth Embeddings,"Predicting river flow in places without streamflow records is challenging because basins respond differently to climate, terrain, vegetation, and soils. Traditional basin attributes describe some of these differences, but they cannot fully represent the complexity of natural environments. This study examines whether AlphaEarth Foundation embeddings, which are learned from large collections of satellite images rather than designed by experts, offer a more informative way to describe basin characteristics. These embeddings summarize patterns in vegetation, land surface properties, and long-term environmental dynamics. We find that models using them achieve higher accuracy when predicting flows in basins not used for training, suggesting that they capture key physical differences more effectively than traditional attributes. We further investigate how selecting appropriate donor basins influences prediction in ungauged regions. Similarity based on the embeddings helps identify basins with comparable environmental and hydrological behavior, improving performance, whereas adding many dissimilar basins can reduce accuracy. The results show that satellite-informed environmental representations can strengthen hydrological forecasting and support the development of models that adapt more easily to different landscapes.",10.48550/arXiv.2601.01558,preprint,Preprint,Primary evidence,Hydrological modelling,AlphaEarth,Tier 2,Application study,Fusion / similarity,Geographic,Mixed,Positive
8TA7WP3A,2026-02-20,2026,Comparative Assessment of Multimodal Earth Observation Data for Soil Moisture Estimation,"Accurate soil moisture (SM) estimation is critical for precision agriculture, water resources management and climate monitoring. Yet, existing satellite SM products are too coarse (>1km) for farm-level applications. We present a high-resolution (10m) SM estimation framework for vegetated areas across Europe, combining Sentinel-1 SAR, Sentinel-2 optical imagery and ERA-5 reanalysis data through machine learning. Using 113 International Soil Moisture Network (ISMN) stations spanning diverse vegetated areas, we compare modality combinations with temporal parameterizations, using spatial cross-validation, to ensure geographic generalization. We also evaluate whether foundation model embeddings from IBM-NASA's Prithvi model improve upon traditional hand-crafted spectral features. Results demonstrate that hybrid temporal matching - Sentinel-2 current-day acquisitions with Sentinel-1 descending orbit - achieves R^2=0.514, with 10-day ERA5 lookback window improving performance to R^2=0.518. Foundation model (Prithvi) embeddings provide negligible improvement over hand-crafted features (R^2=0.515 vs. 0.514), indicating traditional feature engineering remains highly competitive for sparse-data regression tasks. Our findings suggest that domain-specific spectral indices combined with tree-based ensemble methods offer a practical and computationally efficient solution for operational pan-European field-scale soil moisture monitoring.",10.48550/arXiv.2602.18083,preprint,Preprint,Primary evidence,"Water, energy & climate states",Prithvi,Tier 2,Comparative application,Mixed / benchmark,Geographic,Mixed,Null / negative
TH6XZGZB,2023-06,2023,Multi-Modal Multi-Objective Contrastive Learning for Sentinel-1/2 Imagery,"The field of spaceborne Earth observation offers, due to constant monitoring of the Earth’s surface, a huge amount of unlabeled data. At the same time, for many applications, there still exists a shortage of high-quality labelled datasets. This is one of the major bottlenecks for progress in developing globally applicable deep learning models for analysing the dynamics of our planet from space. In recent years self-supervised representation learning revealed itself to state a very powerful way of incorporating unlabeled data into the typical supervised machine learning workflow. Still, many questions on how to adapt commonly used approaches to domain-specific properties of Earth observation data remain. In this work, we introduce and study approaches to incorporate multi-modal Earth observation data into a contrastive self-supervised learning framework by forcing inter- and intra-modality similarity in the loss function. Further, we introduce a batch-sampling strategy that leverages the geo-coding of the imagery in order to obtain harder negative pairs for the contrastive learning problem. We show through extensive experiments that various domain-specific downstream problems are benefitting from the above-mentioned contributions.",10.1109/CVPRW59228.2023.00207,conferencePaper,Conference,Primary evidence,"Vegetation, carbon & fuels",Other EOFM,Tier 2,Model paper with applications,Mixed / benchmark,Benchmark holdout,Direct / in situ,Positive
HNU8RLY2,2026,2026,Prithvi-EO-2.0: A Versatile Multitemporal Foundation Model for Earth Observation Applications,"This article presents Prithvi-EO-2.0, a new geospatial foundation model (GFM) that offers significant improvements over its predecessor, Prithvi-EO-1.0. Trained on 4.2 million global time-series samples from NASA’s Harmonized Landsat and Sentinel-2 data archive at 30-m resolution, the new model incorporates temporal and location embeddings for enhanced performance across various geospatial tasks. Through extensive benchmarking with GEO-Bench, the model outperforms the previous Prithvi-EO model by 8% across a range of tasks. It also outperforms six other GFMs when benchmarked on remote sensing tasks from different domains and resolutions (i.e., from 0.1 to 15 m). The results demonstrate the versatility of the model in both classical Earth observation (EO) and high-resolution applications. Early involvement of end-users and subject matter experts (SMEs) allowed constant feedback on model and dataset design, enabling customization across diverse SME-led applications in disaster response, land cover and crop mapping, and ecosystem dynamics monitoring. Prithvi-EO-2.0 is available as an open-source model on Hugging Face and IBM TerraTorch, with additional resources on GitHub. The project exemplifies the Trusted Open Science approach embraced by all involved organizations.",10.1109/TGRS.2025.3642610,journalArticle,Peer reviewed,Primary evidence,Multi-domain benchmarks,Prithvi,Tiers 2–3,Benchmark,Fine-tuning / PEFT,Geographic + temporal,Product / mapped label,Positive
ITX98UKX,2026-04-01,2026,Spectral indices outperform AlphaEarth foundation embeddings for aboveground biomass estimation in a regenerating tropical Andean forest,"Forests play a critical role in regulating the global carbon cycle, acting as major carbon reservoirs. As greenhouse gas emissions, particularly carbon dioxide (CO2) continue to rise, they are accelerating the pace of climate change; however, accurately quantifying aboveground biomass across large and heterogeneous forest landscapes remains challenging. Satellite remote sensing, together with emerging foundation-model representations such as AlphaEarth embeddings, provides consistent spatial and temporal observations of forest structure, offering an important opportunity for large-scale biomass estimation. The objective of this study is to systematically compare spectral predictors and AlphaEarth foundation-model embeddings for aboveground biomass estimation in regenerating tropical Andean forests using Artificial Neural Network and Random Forest models. We conduct this study in Cauca, Colombia, a region characterized by high ecological diversity, steep environmental gradients, persistent cloud cover, and limited field data availability, making it a suitable test case for evaluating model robustness under complex conditions. We compare two types of predictors: (i) traditional spectral index–based features (e.g., NDVI, EVI, SAVI), and (ii) AlphaEarth embeddings, whichintegrate multi-source Earth observation data into compact feature spaces designed to capture spectral, spatial, and temporal variability beyond manually engineered features. Results show that traditional spectral indices consistently outperform AlphaEarth embeddings across both modeling approaches. While ANN achieved the highest overall accuracy (65.8%), the use of spectral index–based predictors provided greater predictive performance than AlphaEarth embeddings in all cases. These findings suggest that, despite increasing interest in foundation-model embeddings, traditional spectral index feature engineering remains more effective for aboveground biomass estimation in young regenerating forest environments, with ANN offering a strong and accessible modeling framework. Although broader, multi-ecosystem comparisons may reveal contexts in which embeddings offer greater transferability, our results highlight the importance of benchmarking foundation-model predictors against simpler, locally calibrated alternatives at the spatial scales where many applied biomass mapping efforts are implemented.",10.1016/j.rsase.2026.102113,journalArticle,Peer reviewed,Primary evidence,"Vegetation, carbon & fuels",AlphaEarth,Tier 2,Benchmark,Feature extraction,Benchmark holdout,Mixed,Null / negative
MLABGGY2,2026-04-01,2026,Physically interpretable AlphaEarth foundation model embeddings enable LLM-based land surface intelligence,,10.1016/j.rsase.2026.102045,journalArticle,Peer reviewed,Primary evidence,Multi-domain benchmarks,AlphaEarth,Tiers 2–3,Application study,Probe / reconstruction,Within-domain / unclear,Unclear,Positive
HSNQS4X8,2026,2026,HySens: Sensor-Agnostic Foundation Models for Hyperspectral Data,"Foundation models (FMs) have been extensively explored and have demonstrated great performance in various remote sensing tasks. Among all the types of remote sensing data, there are relatively few studies on hyperspectral FMs. One big challenge is that different hyperspectral sensors have significantly different sensor characteristics in both spectral and spatial domains. Such discrepancies make it difficult to develop a universally applicable hyperspectral FM, which could be easily transferred and applied to datasets from diverse hyperspectral sensors. In this work, we develop HySens: a generic sensor-agnostic hyperspectral FM that can be applied easily and efficiently to various hyperspectral sensors. Specifically, 1) we integrate a spectral harmonizer by harmonizing various bands distribution into a unified spectral grid with high fidelity and less redundancy; 2) we design customized wavelength-based spectral embeddings such that the spectral embeddings are wavelength aware and could be easily generated based on the physical bands wavelengths; and 3) we treat the hyperspectral spectra as sequences and focus on the spectral sequential features by using a transformer backbone. The proposed FM is compared with other representative hyperspectral algorithms and recent hyperspectral FMs over both patch-based and pixel-based hyperspectral tasks. The developed model achieves superior performance with good interpretability and efficiency.",10.1109/TGRS.2026.3691782,journalArticle,Peer reviewed,Primary evidence,"Water, energy & climate states",Other EOFM,Tier 2,Application study,Fine-tuning / PEFT,Geographic,Unclear,Mixed / conditional
ZDGVLD9I,2024-02-05,2024,"Lightweight, Pre-trained Transformers for Remote Sensing Timeseries","Machine learning methods for satellite data have a range of societally relevant applications, but labels used to train models can be difficult or impossible to acquire. Self-supervision is a natural solution in settings with limited labeled data, but current self-supervised models for satellite data fail to take advantage of the characteristics of that data, including the temporal dimension (which is critical for many applications, such as monitoring crop growth) and availability of data from many complementary sensors (which can significantly improve a model's predictive performance). We present Presto (the Pretrained Remote Sensing Transformer), a model pre-trained on remote sensing pixel-timeseries data. By designing Presto specifically for remote sensing data, we can create a significantly smaller but performant model. Presto excels at a wide variety of globally distributed remote sensing tasks and performs competitively with much larger models while requiring far less compute. Presto can be used for transfer learning or as a feature extractor for simple models, enabling efficient deployment at scale.",10.48550/arXiv.2304.14065,preprint,Preprint,Primary evidence,"Vegetation, carbon & fuels",Other EOFM,Tier 2,Application study,Mixed / benchmark,Geographic,Product / mapped label,Positive
UV4WGSMF,2026-05-27,2026,FLORO: A Multimodal Geospatial Foundation Model for Ecological Remote Sensing Across Sensors and Scales,"Foundation models offer a promising route to transferable remote sensing representations, but many current approaches depend on very large pretraining datasets and fixed sensor configurations, limiting their suitability for ecological and environmental applications, where observations often vary across platforms, spatial and spectral resolutions, and available modalities. We introduce FLORO, a multimodal geospatial foundation model designed to learn transferable representations from a small but highly diverse remote sensing corpus. FLORO is pretrained using masked autoencoding on a heterogeneous combination of Sentinel-1, Sentinel-2, SkySAT imagery, elevation, and UAV-derived data. To accommodate sensor variability, FLORO incorporates availability-aware inputs that indicate which spectral bands and auxiliary modalities are present in each sample, enabling a unified input space across heterogeneous sensor configurations. We evaluated FLORO on the PANGAEA benchmark under a frozen-encoder protocol across scene classification, segmentation, and regression tasks. Despite being pretrained on a smaller corpus than competing foundation models, FLORO achieved strong and stable transfer across optical, optical-SAR, and optical-elevation benchmarks spanning medium-resolution satellite, airborne, and ultra-high-resolution UAV imagery. FLORO obtained the second-best average segmentation performance across six PANGAEA benchmarks, trailing only a recently introduced foundation model pretrained on over two orders of magnitude more images, remained competitive on scene classification, and was robust in regression tasks, while qualitative results showed improved preservation of spatial structure in flood, urban, biomass, and canopy-height prediction settings. In a separate controlled experiment on EuroSAT-MS, geo-positional encoding further improved classification relative to absolute positional encoding.",10.48550/arXiv.2605.28174,preprint,Preprint,Primary evidence,Multi-domain benchmarks,Other EOFM,Tiers 2–3,Benchmark,Fine-tuning / PEFT,Geographic,Product / mapped label,Positive
FFCTSX4E,2025-09-08,2025,AlphaEarth Foundations: An embedding field model for accurate and efficient global mapping from sparse label data,"Unprecedented volumes of Earth observation data are continually collected around the world, but high-quality labels remain scarce given the effort required to make physical measurements and observations. This has led to considerable investment in bespoke modeling efforts translating sparse labels into maps. Here we introduce AlphaEarth Foundations, an embedding field model yielding a highly general, geospatial representation that assimilates spatial, temporal, and measurement contexts across multiple sources, enabling accurate and efficient production of maps and monitoring systems from local to global scales. The embeddings generated by AlphaEarth Foundations are the only to consistently outperform a suite of other well-known/widely accepted featurization approaches tested on a diverse set of mapping evaluations without re-training. We have released a dataset of global, annual, analysis-ready embedding field layers from 2017 through 2024.",10.48550/arXiv.2507.22291,preprint,Preprint,Primary evidence,Multi-domain benchmarks,AlphaEarth,Tiers 2–3,Model paper with applications,Feature extraction,Geographic,Mixed,Positive
BEA365XE,2026-06-02,2026,Cryo-Bench: Benchmarking Foundation Models for Cryosphere Applications,"Geo-Foundation Models (GFMs) have been evaluated across diverse Earth observation task including multiple domains and have demonstrated strong potential of producing reliable maps even with sparse labels. However, benchmarking GFMs for Cryosphere applications has remained limited, primarily due to the lack of suitable evaluation datasets. To address this gap, we introduce \textbf{Cryo-Bench}, a benchmark compiled to evaluate GFM performance across key Cryospheric components. Cryo-Bench includes debris-covered glaciers, glacial lakes, sea ice, and calving fronts, spanning multiple sensors and broad geographic regions. We evaluate 14 GFMs alongside UNet and ViT baselines to assess their advantages, limitations, and optimal usage strategies. With a frozen encoder, UNet achieves the highest average mIoU of \textbf{66.38}, followed by TerraMind at \textbf{64.02} across five evluation dataset included in Cryo-Bench. In the few-shot setting (10\% input data), GFMs such as DOFA and TerraMind outperform UNet, achieving mIoU scores of \textbf{59.53}, \textbf{56.62}, and \textbf{56.60}, respectively, comapred to U-Net's 56.60. When fully finetuning GFMs, we observe inconsistent performance across datasets and models. However, tuning learning rate along with finetuning substantially improves GFM performance. For example, evaluation on two representative datasets (GLID and CaFFe) shows an average relative improvement of \textbf{12.77\%}. Despite having minimal Cryosphere representation in their pretraining data, GFMs exhibit notable domain adaptation capabilities and produce meaningful results across tasks. Based on our findings, We recommend encoder fine-tuning with hyperparameter optimization optimization to achieve the best possible performance, while using frozen encoders when users need quick results without extensive experimentation.(\href{https://github.com/Sk-2103/Cryo-Bench}{GitHub}).",10.48550/arXiv.2603.01576,preprint,Preprint,Primary evidence,"Ecosystems, land cover & cryosphere",Multi-model,Tier 3,Benchmark,Mixed / benchmark,Geographic,Product / mapped label,Mixed / conditional
RUUY2T8I,2025-04-30,2025,PANGAEA: A Global and Inclusive Benchmark for Geospatial Foundation Models,"Geospatial Foundation Models (GFMs) have emerged as powerful tools for extracting representations from Earth observation data, but their evaluation remains inconsistent and narrow. Existing works often evaluate on suboptimal downstream datasets and tasks, that are often too easy or too narrow, limiting the usefulness of the evaluations to assess the real-world applicability of GFMs. Additionally, there is a distinct lack of diversity in current evaluation protocols, which fail to account for the multiplicity of image resolutions, sensor types, and temporalities, which further complicates the assessment of GFM performance. In particular, most existing benchmarks are geographically biased towards North America and Europe, questioning the global applicability of GFMs. To overcome these challenges, we introduce PANGAEA, a standardized evaluation protocol that covers a diverse set of datasets, tasks, resolutions, sensor modalities, and temporalities. It establishes a robust and widely applicable benchmark for GFMs. We evaluate the most popular GFMs openly available on this benchmark and analyze their performance across several domains. In particular, we compare these models to supervised baselines (e.g. UNet and vanilla ViT), and assess their effectiveness when faced with limited labeled data. Our findings highlight the limitations of GFMs, under different scenarios, showing that they do not consistently outperform supervised models. PANGAEA is designed to be highly extensible, allowing for the seamless inclusion of new datasets, models, and tasks in future research. By releasing the evaluation code and benchmark, we aim to enable other researchers to replicate our experiments and build upon our work, fostering a more principled evaluation protocol for large pre-trained geospatial models. The code is available at https://github.com/VMarsocci/pangaea-bench.",10.48550/arXiv.2412.04204,preprint,Preprint,Primary evidence,Multi-domain benchmarks,Multi-model,Tiers 2–3,Benchmark,Mixed / benchmark,Geographic,Product / mapped label,Mixed / conditional
N6QIUJAF,2026-06-29,2026,Benchmarking Geospatial Foundation Models for Agriculture Applications,"Geospatial foundation models pretrained on satellite imagery promise broad generalization across remote sensing tasks and regions, but their geographic transferability has not been systematically tested, especially in agriculture applications. This paper presents a controlled benchmark that evaluates three models, Prithvi, SpectralGPT, and SatMAE, on multi-temporal crop segmentation and change detection across four U.S. states, Iowa, North Carolina, California, and Minnesota. By assigning each train, validation, and test split to a separate region, we measure how well each model transfers to land it has not seen. All three degrade sharply under regional distribution shift, predicting only the most common crops while missing rare ones. We further find that fitting these models to a shared input format affects each one differently, which complicates direct architectural comparison. These results expose key limitations of current geospatial foundation models for agriculture and point to region aware evaluation as a necessary standard.",10.48550/arXiv.2606.29664,preprint,Preprint,Primary evidence,Agriculture & food systems,Prithvi,Tier 3,Benchmark,Fine-tuning / PEFT,Geographic,Product / mapped label,Mixed / conditional
GQ9N4NXM,2025-04-11,2025,"FoMo: Multi-Modal, Multi-Scale and Multi-Task Remote Sensing Foundation Models for Forest Monitoring","Forests are vital to ecosystems, supporting biodiversity and essential services, but are rapidly changing due to land use and climate change. Understanding and mitigating negative effects requires parsing data on forests at global scale from a broad array of sensory modalities, and using them in diverse forest monitoring applications. Such diversity in data and applications can be effectively addressed through the development of a large, pre-trained foundation model that serves as a versatile base for various downstream tasks. However, remote sensing modalities, which are an excellent fit for several forest management tasks, are particularly challenging considering the variation in environmental conditions, object scales, image acquisition modes and spatio-temporal resolutions, etc. With that in mind, we present the first unified Forest Monitoring Benchmark (FoMo-Bench), carefully constructed to evaluate foundation models with such flexibility. FoMo-Bench consists of 15 diverse datasets encompassing satellite, aerial, and inventory data, covering a variety of geographical regions, and including multispectral, red-green-blue, synthetic aperture radar and LiDAR data with various temporal, spatial and spectral resolutions. FoMo-Bench includes multiple types of forest-monitoring tasks, spanning classification, segmentation, and object detection. To enhance task and geographic diversity in FoMo-Bench, we introduce TalloS, a global dataset combining satellite imagery with ground-based annotations for tree species classification across 1,000+ categories and hierarchical taxonomic levels. Finally, we propose FoMo-Net, a pre-training framework to develop foundation models with the capacity to process any combination of commonly used modalities and spectral bands in remote sensing. This work aims to inspire research collaborations between machine learning and forest biology researchers in exploring scalable multi-modal and multi-task models for forest monitoring and beyond. All code, data and appendices are published in the repository and on ArXiv.",10.1609/aaai.v39i27.35002,journalArticle,Peer reviewed,Primary evidence,"Vegetation, carbon & fuels",Other EOFM,Tier 2,Benchmark,Fine-tuning / PEFT,Geographic,Mixed,Mixed / conditional
H2AY2F4X,2026-03-01,2026,AgriFM: A multi-source temporal remote sensing foundation model for Agriculture mapping,"Climate change and population growth intensify the demand for precise agriculture mapping to enhance food security. Such mapping tasks require robust modeling of multi-scale spatiotemporal patterns from fine field textures to landscape context, and from short-term phenology to full growing-season dynamics. Existing methods often process spatial and temporal features separately, limiting their ability to capture essential agricultural dynamics. While transformer-based remote sensing foundation models (RSFMs) offer unified spatiotemporal modeling ability, most of them remain suboptimal: they either use fixed windows that ignore multi-scale crop characteristics or neglect temporal information entirely. To address these gaps, we propose AgriFM, a multi-source, multi-temporal foundation model for agriculture mapping. AgriFM introduces a synchronized spatiotemporal downsampling strategy within a Video Swin Transformer backbone, enabling efficient handling of long and variable-length satellite time series while preserving multi-scale spatial and phenological information. It is pre-trained on a globally representative dataset comprising over 25 million samples from MODIS, Landsat-8/9, and Sentinel-2 with land cover fractions as pre-training supervision. AgriFM further integrates a versatile decoder specifically designed to dynamically fuse multi-source features from different stages of backbone and accommodate varying temporal lengths, thereby supporting consistent and scalable agriculture mapping across diverse satellite sources and task requirements. It supports diverse tasks including agricultural land mapping, field boundary delineation, agricultural land use/land cover mapping, and specific crop mapping (e.g., winter wheat and paddy rice) with different data sources. Comprehensive evaluations show that AgriFM consistently outperforms existing deep learning models and general-purpose RSFMs across multiple agriculture mapping tasks. Codes and models are available at https://github.com/flyakon/AgriFM and https://glass.hku.hk",10.1016/j.rse.2026.115234,journalArticle,Peer reviewed,Primary evidence,Agriculture & food systems,Other EOFM,Tier 3,Model paper with applications,Fine-tuning / PEFT,Geographic,Mixed,Positive
8EATX3F7,2026-10-01,2026,The first map of planted mangrove forests in China derived from time-series Landsat and Google Satellite Embeddings,"Accurately discriminating between planted and natural mangrove forests is essential for the assessment of mangrove afforestation and restoration outcomes, underscoring a pressing need for developing effective classification approaches and establishing high-quality datasets for planted mangroves. However, large-scale and fine-grained mapping of planted and natural mangrove forests remains challenging due to their pronounced spectral convergence and fragmented spatial distribution. Despite the global surge in restoration initiatives, dedicated products for mangrove plantations remain unavailable. In this study, we propose a Temporal-Satellite Embedding Fusion (TSEF) framework for mapping planted and natural mangrove forests, which integrates high-dimensional latent representations from Google Satellite Embeddings with temporal features derived from long-term Landsat. Using this approach, we produced the first 10 m resolution map of China’s planted and natural mangrove forests for 2024 and reconstructed historical distributions for 2000 and 2015. Our findings reveal that: (1) The total mangrove area of China in 2024 was 31,324.41 ha, of which planted forests accounted for 42.51%, while natural forests covered 57.49%. (2) Mangrove expansion in China exhibits two distinct patterns: afforestation-dominated expansion (Guangdong, Fujian, Zhejiang) and natural-regeneration-dominated expansion (Guangxi, Hainan, Taiwan), reflecting the synergistic influence of conservation policies and natural recovery processes on mangrove spatial configuration. (3) The effectiveness of mangrove afforestation remains limited, even with the rapid expansion of mangrove areas. Only 26.11% of planted mangrove forests have recovered to the average level of primary mangrove forests, whereas 41.68% of naturally regenerating forests reached this benchmark. In conclusion, this study provides a transferable framework for fine-scale planted mangrove mapping and evaluates the performance of Satellite Embeddings, demonstrating its considerable potential for large-scale and cross-regional applications. The produced map offers a scientific basis for quantifying blue carbon sequestration, optimizing adaptive management decisions for mangroves, and advancing the United Nations’ Sustainable Development Goals.",10.1016/j.rse.2026.115541,journalArticle,Peer reviewed,Primary evidence,"Ecosystems, land cover & cryosphere",AlphaEarth,Tier 3,Benchmark,Feature extraction,Temporal,Mixed,Positive
HQXRBLTN,2026-08-01,2026,Sensor-specialized JEPA foundation models complement planetary-scale embeddings for agentic hydrologic reasoning,"Geospatial foundation models compress multispectral observations into dense embeddings that are increasingly applied in natural-language environmental reasoning systems. A single planetary-scale model, e.g. Google AlphaEarth, handles broad characterization well but may compromise on specialized hydrologic signals. Such generalist models are also often inaccessible, expensive, and require large-scale compute. We propose a fleet of small sensor-specialized Joint Embedding Predictive Architecture (JEPA) foundation models that can be consulted by a routing agent for specialized questions. We pretrained five (22M parameter) Mini-JEPAs, that share an identical Vision Transformer backbone, an identical JEPA training recipe, and a 64-dimensional output space, using images from Sentinel-2 optical, Sentinel-1,SAR, MODIS thermal, multi-temporal Sentinel-2 phenology, and a topography and soil stack. Each Mini-JEPA reconstructs the environmental variable matched to its sensor, with cross-validated R2 reaching 0.97 for elevation under the topography-soil model, 0.97 for mean temperature under the thermal model, and 0.81 for precipitation under the phenology model. Across all five models, the variable each one predicts best is the variable its sensor physically observes. The five manifolds differ in geometric structure, with global participation ratios from 8.9 (SAR) to 20.2 (thermal) and local intrinsic dimensionalities from 2.3 to 9.0; the spread is driven mainly by the thermal model, while the two Sentinel-2 optical models are nearly identical. Combining the topography-soil and phenology models with AlphaEarth Foundation Model adds small but consistent predictive value for soil moisture, aridity, and precipitation (ΔR2 up to 0.031). On the variables their sensors directly observe, the specialists also hold their skill across unseen regions where AlphaEarth alone degrades. A router LLM (Claude Sonnet/Opus) reads the per-modality reference cards and picks the sensors that fit each question, choosing at least one expected sensor on every question. In paired LLM-as-Judge evaluation over 90 hydrologic questions, adding the routed fleet to AlphaEarth helps most on questions that defeat optical imagery, such as cloud cover and water under vegetation (Cohen’s d=0.46, p=0.041). Our findings suggest that small specialized Mini-JEPAs can be built with modest compute, complement planetary-scale models, and match them on the variables their sensors observe.",10.1016/j.rsase.2026.102136,journalArticle,Peer reviewed,Primary evidence,"Water, energy & climate states",AlphaEarth,Tier 2,Application study,Probe / reconstruction,Geographic,Unclear,Mixed / conditional
8N5SLAUJ,2025-09-01,2025,Estimating crop biophysical parameters from satellite-based SAR and optical observations using self-supervised learning with geospatial foundation models,"Accurate knowledge of vegetation water content (VWC) and crop height is crucial for agricultural management, environmental monitoring, and for satellite-based retrieval algorithms for geophysical variables. Traditional methods to estimate VWC, primarily rely on optical indices, which has limitations of biomass saturation, and sensitivity to atmospheric conditions. This study introduces a novel application of geospatial foundation models (GFMs), leveraging extensive, unlabeled datasets through self-supervised learning to enhance the skill of VWC and crop height estimation. We developed a comprehensive model integrating Sentinel-1 A C-band SAR and Sentinel-2 A/B indices with weather parameters to estimate soybean and corn VWC and crop height. Our research study area spans a variety of climatic zones and management practices, from the humid continental climate of Iowa and Michigan to the subtropical environment of Florida, encompassing both irrigated and non-irrigated fields as well as diverse tillage practices. We compared the performance of Single-Task Learning GFM (STL-GFM), Multi-Task Learning GFM (MTL-GFM), and machine learning techniques including Random Forest (RF), and XGBoost (XGB) to evaluate their effectiveness in estimating VWC and crop height. Results demonstrated that STL-GFM outperforms other methods in accuracy and generalizability. For VWC estimation, STL-GFM achieved R2 values of 0.90 and 0.89 for soybean and corn, respectively. For crop height, R2 values reached 0.95 for soybean and 0.98 for corn. The integration of SAR, optical, and climate data provided more reliable estimations than using individual data sources. Feature importance analysis identified NDVI, NDWI, VH backscatter, and precipitation as key drivers for accurate VWC and height estimations. The red-edge band emerged as significant for VWC estimation but showed limited importance for height prediction. Notably, surface roughness demonstrated a noticeable impact on corn VWC and height estimations, while soil moisture exhibited less influence than initially anticipated. Notably, without directly incorporating soil moisture and surface roughness data, but by including diverse field conditions in training and validation, the STL-GFM model demonstrated strong generalization capabilities. This study highlights the potential of GFMs in advancing crop monitoring techniques, offering more reliable data for precision agriculture, and supporting sustainable farming practices across diverse agricultural landscapes.",10.1016/j.rse.2025.114825,journalArticle,Peer reviewed,Primary evidence,"Vegetation, carbon & fuels",Other EOFM,Tier 2,Application study,Fine-tuning / PEFT,Geographic + temporal,Direct / in situ,Positive
3NZVHH7B,2026-05-01,2026,Harvesting AlphaEarth: Benchmarking the geospatial foundation model for agricultural downstream tasks,"Geospatial foundation models (GFMs), pretrained on massive Earth observations (EO), have emerged as a promising approach to overcoming the limitations in existing featurization methods. Although most studies on GFMs have released the source codes and pre-trained weights, their deployment still demands extensive configuration, environment setup, inference EO preparation, and model fine-tuning. More recently, Google DeepMind has introduced AlphaEarth Foundation (AEF), a GFM pre-trained using multi-source EOs across continuous time. An annual and global embedding dataset is produced using AEF that is ready for analysis and modeling. The internal experiments show that AEF embeddings have outperformed operational models in 15 EO tasks without re-training. However, those experiments are mostly about land cover and land use classification. Applying AEF and other GFMs to agricultural monitoring requires an in-depth evaluation in critical agricultural downstream tasks. There is also a lack of comprehensive comparison between the AEF-based models and traditional remote sensing (RS)-based models under different scenarios, which could offer valuable guidance for researchers and practitioners. This study addresses some of these gaps by evaluating AEF embeddings in three agricultural downstream tasks in the U.S., including crop yield prediction, tillage mapping, and cover crop mapping. Datasets are compiled from both public and private sources to comprehensively evaluate AEF embeddings across tasks at different scales and locations, and RS-based models are trained as comparison models. AEF-based models generally exhibit strong performance on all tasks and are competitive with purpose-built RS-based models in yield prediction and county-level tillage mapping when trained on local data. However, we also find several limitations in current AEF embeddings, such as limited spatial transferability compared to RS-based models, low interpretability, and limited time sensitivity. These limitations suggest exercising caution when applying AEF embeddings in agriculture, where time sensitivity, generalizability, and interpretability is important. To our knowledge, this is the first study that systematically implements and evaluates embeddings from GFMs in agricultural downstream tasks across space, time, and spatial resolutions. The evaluation results and analyses can inform the design of future AEF versions and other GFMs and support their applications in agriculture and Earth science domains. Moreover, the proposed benchmarking workflow and datasets can be readily applied to evaluate future GFMs and facilitate their use in agricultural downstream applications.",10.1016/j.jag.2026.105258,journalArticle,Peer reviewed,Primary evidence,Agriculture & food systems,AlphaEarth,Tier 3,Benchmark,Feature extraction,Geographic + temporal,Product / mapped label,Mixed / conditional
